Workbook

Sheet Global
A2: Global Liquid Biopsy Market, 2027-36 (USD Million)
D12: =D14='Market Analysis '!C8 -> TRUE | E12: =E14='Market Analysis '!D8 -> TRUE | F12: =F14='Market Analysis '!E8 -> TRUE | G12: =G14='Market Analysis '!F8 -> TRUE | H12: =H14='Market Analysis '!G8 -> TRUE | I12: =I14='Market Analysis '!H8 -> TRUE | J12: =J14='Market Analysis '!I8 -> TRUE | K12: =K14='Market Analysis '!J8 -> TRUE | ... Q12: =Q14='Market Analysis '!P8 -> TRUE
D13: 2023 | E13: 2024 | F13: 2025 | G13: 2026 | H13: 2027 | I13: 2028 | J13: 2029 | K13: 2030 | L13: 2031 | M13: 2032 | N13: 2033 | O13: 2034 | P13: 2035 | Q13: 2036 | R13: CAGR (2027-2036)
D14: ='Market Analysis '!C11+'Market Analysis '!C17+'Market Analysis '!C35+'Market Analysis '!C45+'Market Analysis '!C57 -> 4589 | E14: ='Market Analysis '!D11+'Market Analysis '!D17+'Market Analysis '!D35+'Market Analysis '!D45+'Market Analysis '!D57 -> 5133.736 | F14: ='Market Analysis '!E11+'Market Analysis '!E17+'Market Analysis '!E35+'Market Analysis '!E45+'Market Analysis '!E57 -> 5753.0666 | G14: ='Market Analysis '!F11+'Market Analysis '!F17+'Market Analysis '!F35+'Market Analysis '!F45+'Market Analysis '!F57 -> 6458.3341 | H14: ='Market Analysis '!G11+'Market Analysis '!G17+'Market Analysis '!G35+'Market Analysis '!G45+'Market Analysis '!G57 -> 7262.7698 | I14: ='Market Analysis '!H11+'Market Analysis '!H17+'Market Analysis '!H35+'Market Analysis '!H45+'Market Analysis '!H57 -> 8181.8372 | J14: ='Market Analysis '!I11+'Market Analysis '!I17+'Market Analysis '!I35+'Market Analysis '!I45+'Market Analysis '!I57 -> 9233.6418 | K14: ='Market Analysis '!J11+'Market Analysis '!J17+'Market Analysis '!J35+'Market Analysis '!J45+'Market Analysis '!J57 -> 10439.423 | ... Q14: ='Market Analysis '!P11+'Market Analysis '!P17+'Market Analysis '!P35+'Market Analysis '!P45+'Market Analysis '!P57 -> 22669.973 | R14: =RATE(9,,-H14,Q14) -> 0.13482171 | T14: 2023 | U14: 2024 | V14: 2025 | W14: 2026 | X14: 2027 | Y14: 2028 | Z14: 2029 | AA14: 2030 | AB14: 2031 | AC14: 2032 | AD14: 2033 | AE14: 2034 | AF14: 2035 | AG14: 2036
A15: Biomarker Type | B15: Circulating tumor cells | D15: =D14*T15 -> 1376.7 | E15: =E14*U15 -> 1558.4919 | F15: =F14*V15 -> 1767.3402 | G15: =G14*W15 -> 2007.6639 | H15: =H14*X15 -> 2284.6651 | I15: =I14*Y15 -> 2604.479 | J15: =J14*Z15 -> 2974.355 | K15: =K14*AA15 -> 3402.8753 | ... Q15: =Q14*AG15 -> 7934.4907 | R15: =RATE(9,,-H15,Q15) -> 0.14835824 | S15: Circulating tumor cells | T15: 0.3 | U15: 0.3035785 | V15: 0.30719968 | W15: 0.31086406 | X15: 0.31457215 | Y15: 0.31832447 | Z15: 0.32212154 | AA15: 0.32596392 | AB15: 0.32985212 | AC15: 0.3337867 | AD15: 0.33776822 | AE15: 0.34179723 | AF15: 0.3458743 | AG15: 0.35
B16: Circulating tumor DNA | D16: =D14*T16 -> 917.8 | E16: =E14*U16 -> 1030.6079 | F16: =F14*V16 -> 1159.2825 | G16: =G14*W16 -> 1306.2922 | H16: =H14*X16 -> 1474.5247 | I16: =I14*Y16 -> 1667.3645 | J16: =J14*Z16 -> 1888.7857 | K16: =K14*AA16 -> 2143.4637 | ... Q16: =Q14*AG16 -> 4760.6944 | R16: =RATE(9,,-H16,Q16) -> 0.1390888 | S16: Circulating tumor DNA | T16: 0.2 | U16: 0.20075203 | V16: 0.20150688 | W16: 0.20226458 | X16: 0.20302512 | Y16: 0.20378853 | Z16: 0.2045548 | AA16: 0.20532395 | AB16: 0.206096 | AC16: 0.20687095 | AD16: 0.20764881 | AE16: 0.2084296 | AF16: 0.20921333 | AG16: 0.21
B17: Exosomes | D17: =D14*T17 -> 458.9 | E17: =E14*U17 -> 520.62425 | F17: =F14*V17 -> 591.67216 | G17: =G14*W17 -> 673.58608 | H17: =H14*X17 -> 768.18485 | I17: =I14*Y17 -> 877.61726 | J17: =J14*Z17 -> 1004.4266 | K17: =K14*AA17 -> 1151.6289 | ... Q17: =Q14*AG17 -> 2720.3968 | R17: =RATE(9,,-H17,Q17) -> 0.15084942 | S17: Exosomes | T17: 0.1 | U17: 0.10141235 | V17: 0.10284466 | W17: 0.10429719 | X17: 0.10577023 | Y17: 0.10726408 | Z17: 0.10877903 | AA17: 0.11031538 | AB17: 0.11187342 | AC17: 0.11345347 | AD17: 0.11505584 | AE17: 0.11668083 | AF17: 0.11832878 | AG17: 0.12
B18: Circulating RNA & proteins | D18: =D14*T18 -> 321.23 | E18: =E14*U18 -> 361.27377 | F18: =F14*V18 -> 407.01196 | G18: =G14*W18 -> 459.33881 | H18: =H14*X18 -> 519.30173 | I18: =I14*Y18 -> 588.1298 | J18: =J14*Z18 -> 667.26792 | K18: =K14*AA18 -> 758.41793 | ... Q18: =Q14*AG18 -> 1700.248 | R18: =RATE(9,,-H18,Q18) -> 0.14086039 | S18: Circulating RNA & proteins | T18: 0.07 | U18: 0.070372488 | V18: 0.070746957 | W18: 0.07112342 | X18: 0.071501885 | Y18: 0.071882365 | Z18: 0.072264869 | AA18: 0.072649409 | AB18: 0.073035994 | AC18: 0.073424637 | AD18: 0.073815348 | AE18: 0.074208138 | AF18: 0.074603019 | AG18: 0.075
B19: Nucleosomes | D19: =D14*T19 -> 1514.37 | E19: =E14*U19 -> 1662.7382 | F19: =F14*V19 -> 1827.7597 | G19: =G14*W19 -> 2011.453 | H19: =H14*X19 -> 2216.0934 | I19: =I14*Y19 -> 2444.2466 | J19: =J14*Z19 -> 2698.8066 | K19: =K14*AA19 -> 2983.0375 | ... Q19: =Q14*AG19 -> 5554.1435 | R19: =RATE(9,,-H19,Q19) -> 0.1074817 | S19: Nucleosomes | T19: =1-SUM(T15:T18) -> 0.33 | U19: =1-SUM(U15:U18) -> 0.32388463 | V19: =1-SUM(V15:V18) -> 0.31770182 | W19: =1-SUM(W15:W18) -> 0.31145076 | X19: =1-SUM(X15:X18) -> 0.30513061 | Y19: =1-SUM(Y15:Y18) -> 0.29874056 | Z19: =1-SUM(Z15:Z18) -> 0.29227976 | AA19: =1-SUM(AA15:AA18) -> 0.28574734 | ... AG19: =1-SUM(AG15:AG18) -> 0.245
D20: =D14=SUM(D15:D19) -> TRUE | E20: =E14=SUM(E15:E19) -> TRUE | F20: =F14=SUM(F15:F19) -> TRUE | G20: =G14=SUM(G15:G19) -> TRUE | H20: =H14=SUM(H15:H19) -> TRUE | I20: =I14=SUM(I15:I19) -> TRUE | J20: =J14=SUM(J15:J19) -> TRUE | K20: =K14=SUM(K15:K19) -> TRUE | ... Q20: =Q14=SUM(Q15:Q19) -> TRUE
A21: Sample | B21: Blood | D21: =D14*T21 -> 3212.3 | E21: =E14*U21 -> 3594.0101 | F21: =F14*V21 -> 4028.0317 | G21: =G14*W21 -> 4522.3242 | H21: =H14*X21 -> 5086.1735 | I21: =I14*Y21 -> 5730.4329 | J21: =J14*Z21 -> 6467.811 | K21: =K14*AA21 -> 7313.2175 | ... Q21: =Q14*AG21 -> 15891.651 | R21: =RATE(9,,-H21,Q21) -> 0.13494631 | S21: Blood | T21: 0.7 | U21: 0.70007692 | V21: 0.70015385 | W21: 0.70023077 | X21: 0.70030769 | Y21: 0.70038462 | Z21: 0.70046154 | AA21: 0.70053846 | AB21: 0.70061538 | AC21: 0.70069231 | AD21: 0.70076923 | AE21: 0.70084615 | AF21: 0.70092308 | AG21: 0.701
B22: Urine | D22: =D14*T22 -> 917.8 | E22: =E14*U22 -> 1027.1421 | F22: =F14*V22 -> 1151.4984 | G22: =G14*W22 -> 1293.1572 | H22: =H14*X22 -> 1454.7887 | I22: =I14*Y22 -> 1639.5143 | J22: =J14*Z22 -> 1850.99 | K22: =K14*AA22 -> 2093.5059 | ... Q22: =Q14*AG22 -> 4556.6647 | R22: =RATE(9,,-H22,Q22) -> 0.13525685 | S22: Urine | T22: 0.2 | U22: 0.20007692 | V22: 0.20015385 | W22: 0.20023077 | X22: 0.20030769 | Y22: 0.20038462 | Z22: 0.20046154 | AA22: 0.20053846 | AB22: 0.20061538 | AC22: 0.20069231 | AD22: 0.20076923 | AE22: 0.20084615 | AF22: 0.20092308 | AG22: 0.201
B23: Others (Serum) | D23: =D14*T23 -> 458.9 | E23: =E14*U23 -> 512.58379 | F23: =F14*V23 -> 573.53649 | G23: =G14*W23 -> 642.85264 | H23: =H14*X23 -> 721.80758 | I23: =I14*Y23 -> 811.89 | J23: =J14*Z23 -> 914.84082 | K23: =K14*AA23 -> 1032.6999 | ... Q23: =Q14*AG23 -> 2221.6574 | R23: =RATE(9,,-H23,Q23) -> 0.13305405 | S23: Others (Serum) | T23: =1-SUM(T21:T22) -> 0.1 | U23: =1-SUM(U21:U22) -> 0.099846154 | V23: =1-SUM(V21:V22) -> 0.099692308 | W23: =1-SUM(W21:W22) -> 0.099538462 | X23: =1-SUM(X21:X22) -> 0.099384615 | Y23: =1-SUM(Y21:Y22) -> 0.099230769 | Z23: =1-SUM(Z21:Z22) -> 0.099076923 | AA23: =1-SUM(AA21:AA22) -> 0.098923077 | ... AG23: =1-SUM(AG21:AG22) -> 0.098
D24: =D14=SUM(D21:D23) -> TRUE | E24: =E14=SUM(E21:E23) -> TRUE | F24: =F14=SUM(F21:F23) -> TRUE | G24: =G14=SUM(G21:G23) -> TRUE | H24: =H14=SUM(H21:H23) -> TRUE | I24: =I14=SUM(I21:I23) -> FALSE | J24: =J14=SUM(J21:J23) -> FALSE | K24: =K14=SUM(K21:K23) -> TRUE | ... Q24: =Q14=SUM(Q21:Q23) -> TRUE
A25: Clinical Application | B25: Early disease screening | D25: =D14*T25 -> 1376.7 | E25: =E14*U25 -> 1552.5342 | F25: =F14*V25 -> 1753.8539 | G25: =G14*W25 -> 1984.7276 | H25: =H14*X25 -> 2249.9303 | I25: =I14*Y25 -> 2555.0771 | J25: =J14*Z25 -> 2906.7828 | K25: =K14*AA25 -> 3312.8551 | ... Q25: =Q14*AG25 -> 7549.1012 | R25: =RATE(9,,-H25,Q25) -> 0.14396838 | S25: Early disease screening | T25: 0.3 | U25: 0.302418 | V25: 0.30485549 | W25: 0.30731263 | X25: 0.30978957 | Y25: 0.31228647 | Z25: 0.3148035 | AA25: 0.31734082 | AB25: 0.31989858 | AC25: 0.32247697 | AD25: 0.32507613 | AE25: 0.32769625 | AF25: 0.33033748 | AG25: 0.333
B26: Therapy selection | D26: =D14*T26 -> 917.8 | E26: =E14*U26 -> 1034.3025 | F26: =F14*V26 -> 1167.6092 | G26: =G14*W26 -> 1320.3913 | H26: =H14*X26 -> 1495.7826 | I26: =I14*Y26 -> 1697.466 | J26: =J14*Z26 -> 1929.7779 | K26: =K14*AA26 -> 2197.8339 | ... Q26: =Q14*AG26 -> 4987.3942 | R26: =RATE(9,,-H26,Q26) -> 0.14317229 | S26: Therapy selection | T26: 0.2 | U26: 0.2014717 | V26: 0.20295423 | W26: 0.20444766 | X26: 0.20595209 | Y26: 0.20746759 | Z26: 0.20899424 | AA26: 0.21053212 | AB26: 0.21208132 | AC26: 0.21364192 | AD26: 0.215214 | AE26: 0.21679765 | AF26: 0.21839296 | AG26: 0.22
B27: Treatment response monitoring | D27: =D14*T27 -> 688.35 | E27: =E14*U27 -> 775.72688 | F27: =F14*V27 -> 875.70689 | G27: =G14*W27 -> 990.29349 | H27: =H14*X27 -> 1121.837 | I27: =I14*Y27 -> 1273.0995 | J27: =J14*Z27 -> 1447.3334 | K27: =K14*AA27 -> 1648.3754 | ... Q27: =Q14*AG27 -> 3740.5456 | R27: =RATE(9,,-H27,Q27) -> 0.14317229 | S27: Treatment response monitoring | T27: 0.15 | U27: 0.15110377 | V27: 0.15221567 | W27: 0.15333575 | X27: 0.15446407 | Y27: 0.15560069 | Z27: 0.15674568 | AA27: 0.15789909 | AB27: 0.15906099 | AC27: 0.16023144 | AD27: 0.1614105 | AE27: 0.16259824 | AF27: 0.16379472 | AG27: 0.165
B28: Molecular health monitoring | D28: =D14*T28 -> 321.23 | E28: =E14*U28 -> 361.27377 | F28: =F14*V28 -> 407.01196 | G28: =G14*W28 -> 459.33881 | H28: =H14*X28 -> 519.30173 | I28: =I14*Y28 -> 588.1298 | J28: =J14*Z28 -> 667.26792 | K28: =K14*AA28 -> 758.41793 | ... Q28: =Q14*AG28 -> 1700.248 | R28: =RATE(9,,-H28,Q28) -> 0.14086039 | S28: Molecular health monitoring | T28: 0.07 | U28: 0.070372488 | V28: 0.070746957 | W28: 0.07112342 | X28: 0.071501885 | Y28: 0.071882365 | Z28: 0.072264869 | AA28: 0.072649409 | AB28: 0.073035994 | AC28: 0.073424637 | AD28: 0.073815348 | AE28: 0.074208138 | AF28: 0.074603019 | AG28: 0.075
B29: Others | D29: =D14*T29 -> 1284.92 | E29: =E14*U29 -> 1409.8986 | F29: =F14*V29 -> 1548.8846 | G29: =G14*W29 -> 1703.5829 | H29: =H14*X29 -> 1875.9182 | I29: =I14*Y29 -> 2068.0648 | J29: =J14*Z29 -> 2282.4798 | K29: =K14*AA29 -> 2521.9409 | ... Q29: =Q14*AG29 -> 4692.6845 | R29: =RATE(9,,-H29,Q29) -> 0.10724894 | S29: Others | T29: =1-SUM(T25:T28) -> 0.28 | U29: =1-SUM(U25:U28) -> 0.27463404 | V29: =1-SUM(V25:V28) -> 0.26922766 | W29: =1-SUM(W25:W28) -> 0.26378054 | X29: =1-SUM(X25:X28) -> 0.25829239 | Y29: =1-SUM(Y25:Y28) -> 0.25276288 | Z29: =1-SUM(Z25:Z28) -> 0.24719171 | AA29: =1-SUM(AA25:AA28) -> 0.24157856 | ... AG29: =1-SUM(AG25:AG28) -> 0.207
D30: =D14=SUM(D25:D29) -> TRUE | E30: =E14=SUM(E25:E29) -> TRUE | F30: =F14=SUM(F25:F29) -> TRUE | G30: =G14=SUM(G25:G29) -> TRUE | H30: =H14=SUM(H25:H29) -> TRUE | I30: =I14=SUM(I25:I29) -> TRUE | J30: =J14=SUM(J25:J29) -> TRUE | K30: =K14=SUM(K25:K29) -> TRUE | ... Q30: =Q14=SUM(Q25:Q29) -> TRUE
A31: Disease Indication | B31: Lung cancer | D31: =D14*T31 -> 1147.25 | E31: =E14*U31 -> 1270.8754 | F31: =F14*V31 -> 1410.2571 | G31: =G14*W31 -> 1567.649 | H31: =H14*X31 -> 1745.6615 | I31: =I14*Y31 -> 1947.3231 | J31: =J14*Z31 -> 2176.1541 | K31: =K14*AA31 -> 2436.254 | ... Q31: =Q14*AG31 -> 4987.3942 | R31: =RATE(9,,-H31,Q31) -> 0.12371732 | S31: Lung cancer | T31: 0.25 | U31: 0.24755371 | V31: 0.24513136 | W31: 0.24273272 | X31: 0.24035754 | Y31: 0.23800561 | Z31: 0.23567669 | AA31: 0.23337056 | AB31: 0.23108699 | AC31: 0.22882577 | AD31: 0.22658668 | AE31: 0.22436949 | AF31: 0.22217401 | AG31: 0.22
B32: Colorectal cancer | D32: =D14*T32 -> 917.8 | E32: =E14*U32 -> 1032.475 | F32: =F14*V32 -> 1163.4868 | G32: =G14*W32 -> 1313.4048 | H32: =H14*X32 -> 1485.2392 | I32: =I14*Y32 -> 1682.523 | J32: =J14*Z32 -> 1909.4102 | K32: =K14*AA32 -> 2170.7947 | ... Q32: =Q14*AG32 -> 4874.0443 | R32: =RATE(9,,-H32,Q32) -> 0.14115247 | S32: Colorectal cancer | T32: 0.2 | U32: 0.20111573 | V32: 0.20223768 | W32: 0.20336589 | X32: 0.20450039 | Y32: 0.20564122 | Z32: 0.20678842 | AA32: 0.20794201 | AB32: 0.20910205 | AC32: 0.21026855 | AD32: 0.21144156 | AE32: 0.21262111 | AF32: 0.21380725 | AG32: 0.215
B33: Breast cancer | D33: =D14*T33 -> 826.02 | E33: =E14*U33 -> 924.85826 | F33: =F14*V33 -> 1037.3139 | G33: =G14*W33 -> 1165.4682 | H33: =H14*X33 -> 1311.7509 | I33: =I14*Y33 -> 1479.003 | J33: =J14*Z33 -> 1670.5535 | K33: =K14*AA33 -> 1890.31 | ... Q33: =Q14*AG33 -> 4125.9352 | R33: =RATE(9,,-H33,Q33) -> 0.13578671 | S33: Breast cancer | T33: 0.18 | U33: 0.18015306 | V33: 0.18030626 | W33: 0.18045958 | X33: 0.18061303 | Y33: 0.18076662 | Z33: 0.18092033 | AA33: 0.18107418 | AB33: 0.18122815 | AC33: 0.18138226 | AD33: 0.1815365 | AE33: 0.18169087 | AF33: 0.18184537 | AG33: 0.182
B34: Prostate cancer | D34: =D14*T34 -> 550.68 | E34: =E14*U34 -> 617.21957 | F34: =F14*V34 -> 692.9956 | G34: =G14*W34 -> 779.42888 | H34: =H14*X34 -> 878.17926 | I34: =I14*Y34 -> 991.18938 | J34: =J14*Z34 -> 1120.7371 | K34: =K14*AA34 -> 1269.4984 | ... Q34: =Q14*AG34 -> 2788.4067 | R34: =RATE(9,,-H34,Q34) -> 0.13697928 | S34: Prostate cancer | T34: 0.12 | U34: 0.12022815 | V34: 0.12045673 | W34: 0.12068575 | X34: 0.1209152 | Y34: 0.12114509 | Z34: 0.12137541 | AA34: 0.12160618 | AB34: 0.12183738 | AC34: 0.12206902 | AD34: 0.1223011 | AE34: 0.12253363 | AF34: 0.12276659 | AG34: 0.123
B35: Liver cancer | D35: =D14*T35 -> 458.9 | E35: =E14*U35 -> 515.30395 | F35: =F14*V35 -> 579.64127 | G35: =G14*W35 -> 653.14611 | H35: =H14*X35 -> 737.26236 | I35: =I14*Y35 -> 833.68226 | J35: =J14*Z35 -> 944.39287 | K35: =K14*AA35 -> 1071.7318 | ... Q35: =Q14*AG35 -> 2380.3472 | R35: =RATE(9,,-H35,Q35) -> 0.1390888 | S35: Liver cancer | T35: 0.1 | U35: 0.10037601 | V35: 0.10075344 | W35: 0.10113229 | X35: 0.10151256 | Y35: 0.10189426 | Z35: 0.1022774 | AA35: 0.10266198 | AB35: 0.103048 | AC35: 0.10343548 | AD35: 0.10382441 | AE35: 0.1042148 | AF35: 0.10460666 | AG35: 0.105
B36: Head & neck cancer | D36: =D14*T36 -> 596.57 | E36: =E14*U36 -> 668.94329 | F36: =F14*V36 -> 751.39378 | G36: =G14*W36 -> 845.47567 | H36: =H14*X36 -> 953.00528 | I36: =I14*Y36 -> 1076.109 | J36: =J14*Z36 -> 1217.2811 | K36: =K14*AA36 -> 1379.4526 | ... Q36: =Q14*AG36 -> 3037.7764 | R36: =RATE(9,,-H36,Q36) -> 0.13747027 | S36: Head & neck cancer | T36: 0.13 | U36: 0.13030341 | V36: 0.13060752 | W36: 0.13091235 | X36: 0.13121788 | Y36: 0.13152413 | Z36: 0.1318311 | AA36: 0.13213878 | AB36: 0.13244718 | AC36: 0.13275629 | AD36: 0.13306613 | AE36: 0.1333767 | AF36: 0.13368799 | AG36: 0.134
B37: Others cancers | D37: =D14*T37 -> 91.78 | E37: =E14*U37 -> 104.06046 | F37: =F14*V37 -> 117.97819 | G37: =G14*W37 -> 133.76136 | H37: =H14*X37 -> 151.67127 | I37: =I14*Y37 -> 172.00734 | J37: =J14*Z37 -> 195.11288 | K37: =K14*AA37 -> 221.38176 | ... Q37: =Q14*AG37 -> 476.06944 | R37: =RATE(9,,-H37,Q37) -> 0.13552403 | S37: Others cancers | T37: =1-SUM(T31:T36) -> 0.02 | U37: =1-SUM(U31:U36) -> 0.020269928 | V37: =1-SUM(V31:V36) -> 0.020507009 | W37: =1-SUM(W31:W36) -> 0.020711434 | X37: =1-SUM(X31:X36) -> 0.020883393 | Y37: =1-SUM(Y31:Y36) -> 0.021023071 | Z37: =1-SUM(Z31:Z36) -> 0.021130653 | AA37: =1-SUM(AA31:AA36) -> 0.021206321 | ... AG37: =1-SUM(AG31:AG36) -> 0.021
D38: =D14=SUM(D31:D37) -> TRUE | E38: =E14=SUM(E31:E37) -> TRUE | F38: =F14=SUM(F31:F37) -> TRUE | G38: =G14=SUM(G31:G37) -> TRUE | H38: =H14=SUM(H31:H37) -> TRUE | I38: =I14=SUM(I31:I37) -> TRUE | J38: =J14=SUM(J31:J37) -> FALSE | K38: =K14=SUM(K31:K37) -> TRUE | ... Q38: =Q14=SUM(Q31:Q37) -> TRUE

Sheet Dashboard
A2: Dynamic Dashboard Liquid Biopsy Market, 2027-36 (USD Million)
A3: 5
R5: CAGR%(2027-2036) | S5: {=_xlfn.IFS($A$3=1,Global!R14,$A$3=2,'North America'!R14,$A$3=3,APAC!R14,$A$3=4,Europe!R14,$A$3=5,'Latin America'!R14,$A$3=6,MEA!R14)} -> 0.13436227
D25: 2023 | E25: 2024 | F25: 2025 | G25: 2026 | H25: 2027 | I25: 2028 | J25: 2029 | K25: 2030 | L25: 2031 | M25: 2032 | N25: 2033 | O25: 2034 | P25: 2035 | Q25: 2036 | R25: CAGR (2027-2036)
D26: {=_xlfn.IFS($A$3=1,Global!D14,$A$3=2,'North America'!D14,$A$3=3,APAC!D14,$A$3=4,Europe!D14,$A$3=5,'Latin America'!D14,$A$3=6,MEA!D14)} -> 977.457 | E26: {=_xlfn.IFS($A$3=1,Global!E14,$A$3=2,'North America'!E14,$A$3=3,APAC!E14,$A$3=4,Europe!E14,$A$3=5,'Latin America'!E14,$A$3=6,MEA!E14)} -> 1097.2402 | F26: {=_xlfn.IFS($A$3=1,Global!F14,$A$3=2,'North America'!F14,$A$3=3,APAC!F14,$A$3=4,Europe!F14,$A$3=5,'Latin America'!F14,$A$3=6,MEA!F14)} -> 1233.1111 | G26: {=_xlfn.IFS($A$3=1,Global!G14,$A$3=2,'North America'!G14,$A$3=3,APAC!G14,$A$3=4,Europe!G14,$A$3=5,'Latin America'!G14,$A$3=6,MEA!G14)} -> 1387.4368 | H26: {=_xlfn.IFS($A$3=1,Global!H14,$A$3=2,'North America'!H14,$A$3=3,APAC!H14,$A$3=4,Europe!H14,$A$3=5,'Latin America'!H14,$A$3=6,MEA!H14)} -> 1562.9683 | I26: {=_xlfn.IFS($A$3=1,Global!I14,$A$3=2,'North America'!I14,$A$3=3,APAC!I14,$A$3=4,Europe!I14,$A$3=5,'Latin America'!I14,$A$3=6,MEA!I14)} -> 1762.9101 | J26: {=_xlfn.IFS($A$3=1,Global!J14,$A$3=2,'North America'!J14,$A$3=3,APAC!J14,$A$3=4,Europe!J14,$A$3=5,'Latin America'!J14,$A$3=6,MEA!J14)} -> 1991.0027 | K26: {=_xlfn.IFS($A$3=1,Global!K14,$A$3=2,'North America'!K14,$A$3=3,APAC!K14,$A$3=4,Europe!K14,$A$3=5,'Latin America'!K14,$A$3=6,MEA!K14)} -> 2251.6241 | ... Q26: {=_xlfn.IFS($A$3=1,Global!Q14,$A$3=2,'North America'!Q14,$A$3=3,APAC!Q14,$A$3=4,Europe!Q14,$A$3=5,'Latin America'!Q14,$A$3=6,MEA!Q14)} -> 4860.8939 | R26: =RATE(9,,-H26,Q26) -> 0.13436227
A27: Biomarker Type | B27: Circulating tumor cells | D27: {=_xlfn.IFS($A$3=1,Global!D15,$A$3=2,'North America'!D15,$A$3=3,APAC!D15,$A$3=4,Europe!D15,$A$3=5,'Latin America'!D15,$A$3=6,MEA!D15)} -> 293.2371 | E27: {=_xlfn.IFS($A$3=1,Global!E15,$A$3=2,'North America'!E15,$A$3=3,APAC!E15,$A$3=4,Europe!E15,$A$3=5,'Latin America'!E15,$A$3=6,MEA!E15)} -> 333.09854 | F27: {=_xlfn.IFS($A$3=1,Global!F15,$A$3=2,'North America'!F15,$A$3=3,APAC!F15,$A$3=4,Europe!F15,$A$3=5,'Latin America'!F15,$A$3=6,MEA!F15)} -> 378.81134 | G27: {=_xlfn.IFS($A$3=1,Global!G15,$A$3=2,'North America'!G15,$A$3=3,APAC!G15,$A$3=4,Europe!G15,$A$3=5,'Latin America'!G15,$A$3=6,MEA!G15)} -> 431.30423 | H27: {=_xlfn.IFS($A$3=1,Global!H15,$A$3=2,'North America'!H15,$A$3=3,APAC!H15,$A$3=4,Europe!H15,$A$3=5,'Latin America'!H15,$A$3=6,MEA!H15)} -> 491.66631 | I27: {=_xlfn.IFS($A$3=1,Global!I15,$A$3=2,'North America'!I15,$A$3=3,APAC!I15,$A$3=4,Europe!I15,$A$3=5,'Latin America'!I15,$A$3=6,MEA!I15)} -> 561.1774 | J27: {=_xlfn.IFS($A$3=1,Global!J15,$A$3=2,'North America'!J15,$A$3=3,APAC!J15,$A$3=4,Europe!J15,$A$3=5,'Latin America'!J15,$A$3=6,MEA!J15)} -> 641.34487 | K27: {=_xlfn.IFS($A$3=1,Global!K15,$A$3=2,'North America'!K15,$A$3=3,APAC!K15,$A$3=4,Europe!K15,$A$3=5,'Latin America'!K15,$A$3=6,MEA!K15)} -> 733.94822 | ... Q27: {=_xlfn.IFS($A$3=1,Global!Q15,$A$3=2,'North America'!Q15,$A$3=3,APAC!Q15,$A$3=4,Europe!Q15,$A$3=5,'Latin America'!Q15,$A$3=6,MEA!Q15)} -> 1701.3129 | R27: =RATE(9,,-H27,Q27) -> 0.14789331
B28: Circulating tumor DNA | D28: {=_xlfn.IFS($A$3=1,Global!D16,$A$3=2,'North America'!D16,$A$3=3,APAC!D16,$A$3=4,Europe!D16,$A$3=5,'Latin America'!D16,$A$3=6,MEA!D16)} -> 195.4914 | E28: {=_xlfn.IFS($A$3=1,Global!E16,$A$3=2,'North America'!E16,$A$3=3,APAC!E16,$A$3=4,Europe!E16,$A$3=5,'Latin America'!E16,$A$3=6,MEA!E16)} -> 220.2732 | F28: {=_xlfn.IFS($A$3=1,Global!F16,$A$3=2,'North America'!F16,$A$3=3,APAC!F16,$A$3=4,Europe!F16,$A$3=5,'Latin America'!F16,$A$3=6,MEA!F16)} -> 248.48038 | G28: {=_xlfn.IFS($A$3=1,Global!G16,$A$3=2,'North America'!G16,$A$3=3,APAC!G16,$A$3=4,Europe!G16,$A$3=5,'Latin America'!G16,$A$3=6,MEA!G16)} -> 280.62932 | H28: {=_xlfn.IFS($A$3=1,Global!H16,$A$3=2,'North America'!H16,$A$3=3,APAC!H16,$A$3=4,Europe!H16,$A$3=5,'Latin America'!H16,$A$3=6,MEA!H16)} -> 317.32184 | I28: {=_xlfn.IFS($A$3=1,Global!I16,$A$3=2,'North America'!I16,$A$3=3,APAC!I16,$A$3=4,Europe!I16,$A$3=5,'Latin America'!I16,$A$3=6,MEA!I16)} -> 359.26084 | J28: {=_xlfn.IFS($A$3=1,Global!J16,$A$3=2,'North America'!J16,$A$3=3,APAC!J16,$A$3=4,Europe!J16,$A$3=5,'Latin America'!J16,$A$3=6,MEA!J16)} -> 407.26916 | K28: {=_xlfn.IFS($A$3=1,Global!K16,$A$3=2,'North America'!K16,$A$3=3,APAC!K16,$A$3=4,Europe!K16,$A$3=5,'Latin America'!K16,$A$3=6,MEA!K16)} -> 462.31237 | ... Q28: {=_xlfn.IFS($A$3=1,Global!Q16,$A$3=2,'North America'!Q16,$A$3=3,APAC!Q16,$A$3=4,Europe!Q16,$A$3=5,'Latin America'!Q16,$A$3=6,MEA!Q16)} -> 1020.7877 | R28: =RATE(9,,-H28,Q28) -> 0.13862763
B29: Exosomes | D29: {=_xlfn.IFS($A$3=1,Global!D17,$A$3=2,'North America'!D17,$A$3=3,APAC!D17,$A$3=4,Europe!D17,$A$3=5,'Latin America'!D17,$A$3=6,MEA!D17)} -> 97.7457 | E29: {=_xlfn.IFS($A$3=1,Global!E17,$A$3=2,'North America'!E17,$A$3=3,APAC!E17,$A$3=4,Europe!E17,$A$3=5,'Latin America'!E17,$A$3=6,MEA!E17)} -> 111.27371 | F29: {=_xlfn.IFS($A$3=1,Global!F17,$A$3=2,'North America'!F17,$A$3=3,APAC!F17,$A$3=4,Europe!F17,$A$3=5,'Latin America'!F17,$A$3=6,MEA!F17)} -> 126.81889 | G29: {=_xlfn.IFS($A$3=1,Global!G17,$A$3=2,'North America'!G17,$A$3=3,APAC!G17,$A$3=4,Europe!G17,$A$3=5,'Latin America'!G17,$A$3=6,MEA!G17)} -> 144.70575 | H29: {=_xlfn.IFS($A$3=1,Global!H17,$A$3=2,'North America'!H17,$A$3=3,APAC!H17,$A$3=4,Europe!H17,$A$3=5,'Latin America'!H17,$A$3=6,MEA!H17)} -> 165.31553 | I29: {=_xlfn.IFS($A$3=1,Global!I17,$A$3=2,'North America'!I17,$A$3=3,APAC!I17,$A$3=4,Europe!I17,$A$3=5,'Latin America'!I17,$A$3=6,MEA!I17)} -> 189.09693 | J29: {=_xlfn.IFS($A$3=1,Global!J17,$A$3=2,'North America'!J17,$A$3=3,APAC!J17,$A$3=4,Europe!J17,$A$3=5,'Latin America'!J17,$A$3=6,MEA!J17)} -> 216.57935 | K29: {=_xlfn.IFS($A$3=1,Global!K17,$A$3=2,'North America'!K17,$A$3=3,APAC!K17,$A$3=4,Europe!K17,$A$3=5,'Latin America'!K17,$A$3=6,MEA!K17)} -> 248.38877 | ... Q29: {=_xlfn.IFS($A$3=1,Global!Q17,$A$3=2,'North America'!Q17,$A$3=3,APAC!Q17,$A$3=4,Europe!Q17,$A$3=5,'Latin America'!Q17,$A$3=6,MEA!Q17)} -> 583.30727 | R29: =RATE(9,,-H29,Q29) -> 0.15038349
B30: Circulating RNA & proteins | D30: {=_xlfn.IFS($A$3=1,Global!D18,$A$3=2,'North America'!D18,$A$3=3,APAC!D18,$A$3=4,Europe!D18,$A$3=5,'Latin America'!D18,$A$3=6,MEA!D18)} -> 68.42199 | E30: {=_xlfn.IFS($A$3=1,Global!E18,$A$3=2,'North America'!E18,$A$3=3,APAC!E18,$A$3=4,Europe!E18,$A$3=5,'Latin America'!E18,$A$3=6,MEA!E18)} -> 77.215524 | F30: {=_xlfn.IFS($A$3=1,Global!F18,$A$3=2,'North America'!F18,$A$3=3,APAC!F18,$A$3=4,Europe!F18,$A$3=5,'Latin America'!F18,$A$3=6,MEA!F18)} -> 87.238859 | G30: {=_xlfn.IFS($A$3=1,Global!G18,$A$3=2,'North America'!G18,$A$3=3,APAC!G18,$A$3=4,Europe!G18,$A$3=5,'Latin America'!G18,$A$3=6,MEA!G18)} -> 98.679249 | H30: {=_xlfn.IFS($A$3=1,Global!H18,$A$3=2,'North America'!H18,$A$3=3,APAC!H18,$A$3=4,Europe!H18,$A$3=5,'Latin America'!H18,$A$3=6,MEA!H18)} -> 111.75518 | I30: {=_xlfn.IFS($A$3=1,Global!I18,$A$3=2,'North America'!I18,$A$3=3,APAC!I18,$A$3=4,Europe!I18,$A$3=5,'Latin America'!I18,$A$3=6,MEA!I18)} -> 126.72214 | J30: {=_xlfn.IFS($A$3=1,Global!J18,$A$3=2,'North America'!J18,$A$3=3,APAC!J18,$A$3=4,Europe!J18,$A$3=5,'Latin America'!J18,$A$3=6,MEA!J18)} -> 143.87955 | K30: {=_xlfn.IFS($A$3=1,Global!K18,$A$3=2,'North America'!K18,$A$3=3,APAC!K18,$A$3=4,Europe!K18,$A$3=5,'Latin America'!K18,$A$3=6,MEA!K18)} -> 163.57916 | ... Q30: {=_xlfn.IFS($A$3=1,Global!Q18,$A$3=2,'North America'!Q18,$A$3=3,APAC!Q18,$A$3=4,Europe!Q18,$A$3=5,'Latin America'!Q18,$A$3=6,MEA!Q18)} -> 364.56704 | R30: =RATE(9,,-H30,Q30) -> 0.1403985
B31: Nucleosomes | D31: {=_xlfn.IFS($A$3=1,Global!D19,$A$3=2,'North America'!D19,$A$3=3,APAC!D19,$A$3=4,Europe!D19,$A$3=5,'Latin America'!D19,$A$3=6,MEA!D19)} -> 322.56081 | E31: {=_xlfn.IFS($A$3=1,Global!E19,$A$3=2,'North America'!E19,$A$3=3,APAC!E19,$A$3=4,Europe!E19,$A$3=5,'Latin America'!E19,$A$3=6,MEA!E19)} -> 355.37925 | F31: {=_xlfn.IFS($A$3=1,Global!F19,$A$3=2,'North America'!F19,$A$3=3,APAC!F19,$A$3=4,Europe!F19,$A$3=5,'Latin America'!F19,$A$3=6,MEA!F19)} -> 391.76165 | G31: {=_xlfn.IFS($A$3=1,Global!G19,$A$3=2,'North America'!G19,$A$3=3,APAC!G19,$A$3=4,Europe!G19,$A$3=5,'Latin America'!G19,$A$3=6,MEA!G19)} -> 432.11824 | H31: {=_xlfn.IFS($A$3=1,Global!H19,$A$3=2,'North America'!H19,$A$3=3,APAC!H19,$A$3=4,Europe!H19,$A$3=5,'Latin America'!H19,$A$3=6,MEA!H19)} -> 476.90949 | I31: {=_xlfn.IFS($A$3=1,Global!I19,$A$3=2,'North America'!I19,$A$3=3,APAC!I19,$A$3=4,Europe!I19,$A$3=5,'Latin America'!I19,$A$3=6,MEA!I19)} -> 526.65274 | J31: {=_xlfn.IFS($A$3=1,Global!J19,$A$3=2,'North America'!J19,$A$3=3,APAC!J19,$A$3=4,Europe!J19,$A$3=5,'Latin America'!J19,$A$3=6,MEA!J19)} -> 581.92979 | K31: {=_xlfn.IFS($A$3=1,Global!K19,$A$3=2,'North America'!K19,$A$3=3,APAC!K19,$A$3=4,Europe!K19,$A$3=5,'Latin America'!K19,$A$3=6,MEA!K19)} -> 643.39562 | ... Q31: {=_xlfn.IFS($A$3=1,Global!Q19,$A$3=2,'North America'!Q19,$A$3=3,APAC!Q19,$A$3=4,Europe!Q19,$A$3=5,'Latin America'!Q19,$A$3=6,MEA!Q19)} -> 1190.919 | R31: =RATE(9,,-H31,Q31) -> 0.10703333
A33: Sample | B33: Blood | D33: {=_xlfn.IFS($A$3=1,Global!D21,$A$3=2,'North America'!D21,$A$3=3,APAC!D21,$A$3=4,Europe!D21,$A$3=5,'Latin America'!D21,$A$3=6,MEA!D21)} -> 684.2199 | E33: {=_xlfn.IFS($A$3=1,Global!E21,$A$3=2,'North America'!E21,$A$3=3,APAC!E21,$A$3=4,Europe!E21,$A$3=5,'Latin America'!E21,$A$3=6,MEA!E21)} -> 768.15256 | F33: {=_xlfn.IFS($A$3=1,Global!F21,$A$3=2,'North America'!F21,$A$3=3,APAC!F21,$A$3=4,Europe!F21,$A$3=5,'Latin America'!F21,$A$3=6,MEA!F21)} -> 863.36749 | G33: {=_xlfn.IFS($A$3=1,Global!G21,$A$3=2,'North America'!G21,$A$3=3,APAC!G21,$A$3=4,Europe!G21,$A$3=5,'Latin America'!G21,$A$3=6,MEA!G21)} -> 971.52593 | H33: {=_xlfn.IFS($A$3=1,Global!H21,$A$3=2,'North America'!H21,$A$3=3,APAC!H21,$A$3=4,Europe!H21,$A$3=5,'Latin America'!H21,$A$3=6,MEA!H21)} -> 1094.5588 | I33: {=_xlfn.IFS($A$3=1,Global!I21,$A$3=2,'North America'!I21,$A$3=3,APAC!I21,$A$3=4,Europe!I21,$A$3=5,'Latin America'!I21,$A$3=6,MEA!I21)} -> 1234.7151 | J33: {=_xlfn.IFS($A$3=1,Global!J21,$A$3=2,'North America'!J21,$A$3=3,APAC!J21,$A$3=4,Europe!J21,$A$3=5,'Latin America'!J21,$A$3=6,MEA!J21)} -> 1394.6208 | K33: {=_xlfn.IFS($A$3=1,Global!K21,$A$3=2,'North America'!K21,$A$3=3,APAC!K21,$A$3=4,Europe!K21,$A$3=5,'Latin America'!K21,$A$3=6,MEA!K21)} -> 1577.3493 | ... Q33: {=_xlfn.IFS($A$3=1,Global!Q21,$A$3=2,'North America'!Q21,$A$3=3,APAC!Q21,$A$3=4,Europe!Q21,$A$3=5,'Latin America'!Q21,$A$3=6,MEA!Q21)} -> 3407.4866 | R33: =RATE(9,,-H33,Q33) -> 0.13448682
B34: Urine | D34: {=_xlfn.IFS($A$3=1,Global!D22,$A$3=2,'North America'!D22,$A$3=3,APAC!D22,$A$3=4,Europe!D22,$A$3=5,'Latin America'!D22,$A$3=6,MEA!D22)} -> 195.4914 | E34: {=_xlfn.IFS($A$3=1,Global!E22,$A$3=2,'North America'!E22,$A$3=3,APAC!E22,$A$3=4,Europe!E22,$A$3=5,'Latin America'!E22,$A$3=6,MEA!E22)} -> 219.53245 | F34: {=_xlfn.IFS($A$3=1,Global!F22,$A$3=2,'North America'!F22,$A$3=3,APAC!F22,$A$3=4,Europe!F22,$A$3=5,'Latin America'!F22,$A$3=6,MEA!F22)} -> 246.81193 | G34: {=_xlfn.IFS($A$3=1,Global!G22,$A$3=2,'North America'!G22,$A$3=3,APAC!G22,$A$3=4,Europe!G22,$A$3=5,'Latin America'!G22,$A$3=6,MEA!G22)} -> 277.80754 | H34: {=_xlfn.IFS($A$3=1,Global!H22,$A$3=2,'North America'!H22,$A$3=3,APAC!H22,$A$3=4,Europe!H22,$A$3=5,'Latin America'!H22,$A$3=6,MEA!H22)} -> 313.07458 | I34: {=_xlfn.IFS($A$3=1,Global!I22,$A$3=2,'North America'!I22,$A$3=3,APAC!I22,$A$3=4,Europe!I22,$A$3=5,'Latin America'!I22,$A$3=6,MEA!I22)} -> 353.26005 | J34: {=_xlfn.IFS($A$3=1,Global!J22,$A$3=2,'North America'!J22,$A$3=3,APAC!J22,$A$3=4,Europe!J22,$A$3=5,'Latin America'!J22,$A$3=6,MEA!J22)} -> 399.11947 | K34: {=_xlfn.IFS($A$3=1,Global!K22,$A$3=2,'North America'!K22,$A$3=3,APAC!K22,$A$3=4,Europe!K22,$A$3=5,'Latin America'!K22,$A$3=6,MEA!K22)} -> 451.53724 | ... Q34: {=_xlfn.IFS($A$3=1,Global!Q22,$A$3=2,'North America'!Q22,$A$3=3,APAC!Q22,$A$3=4,Europe!Q22,$A$3=5,'Latin America'!Q22,$A$3=6,MEA!Q22)} -> 977.03967 | R34: =RATE(9,,-H34,Q34) -> 0.13479723
B35: Others (Serum) | D35: {=_xlfn.IFS($A$3=1,Global!D23,$A$3=2,'North America'!D23,$A$3=3,APAC!D23,$A$3=4,Europe!D23,$A$3=5,'Latin America'!D23,$A$3=6,MEA!D23)} -> 97.7457 | E35: {=_xlfn.IFS($A$3=1,Global!E23,$A$3=2,'North America'!E23,$A$3=3,APAC!E23,$A$3=4,Europe!E23,$A$3=5,'Latin America'!E23,$A$3=6,MEA!E23)} -> 109.55522 | F35: {=_xlfn.IFS($A$3=1,Global!F23,$A$3=2,'North America'!F23,$A$3=3,APAC!F23,$A$3=4,Europe!F23,$A$3=5,'Latin America'!F23,$A$3=6,MEA!F23)} -> 122.93169 | G35: {=_xlfn.IFS($A$3=1,Global!G23,$A$3=2,'North America'!G23,$A$3=3,APAC!G23,$A$3=4,Europe!G23,$A$3=5,'Latin America'!G23,$A$3=6,MEA!G23)} -> 138.10332 | H35: {=_xlfn.IFS($A$3=1,Global!H23,$A$3=2,'North America'!H23,$A$3=3,APAC!H23,$A$3=4,Europe!H23,$A$3=5,'Latin America'!H23,$A$3=6,MEA!H23)} -> 155.33501 | I35: {=_xlfn.IFS($A$3=1,Global!I23,$A$3=2,'North America'!I23,$A$3=3,APAC!I23,$A$3=4,Europe!I23,$A$3=5,'Latin America'!I23,$A$3=6,MEA!I23)} -> 174.93492 | J35: {=_xlfn.IFS($A$3=1,Global!J23,$A$3=2,'North America'!J23,$A$3=3,APAC!J23,$A$3=4,Europe!J23,$A$3=5,'Latin America'!J23,$A$3=6,MEA!J23)} -> 197.26242 | K35: {=_xlfn.IFS($A$3=1,Global!K23,$A$3=2,'North America'!K23,$A$3=3,APAC!K23,$A$3=4,Europe!K23,$A$3=5,'Latin America'!K23,$A$3=6,MEA!K23)} -> 222.73759 | ... Q35: {=_xlfn.IFS($A$3=1,Global!Q23,$A$3=2,'North America'!Q23,$A$3=3,APAC!Q23,$A$3=4,Europe!Q23,$A$3=5,'Latin America'!Q23,$A$3=6,MEA!Q23)} -> 476.3676 | R35: =RATE(9,,-H35,Q35) -> 0.13259532
A37: Clinical Application | B37: Early disease screening | D37: {=_xlfn.IFS($A$3=1,Global!D25,$A$3=2,'North America'!D25,$A$3=3,APAC!D25,$A$3=4,Europe!D25,$A$3=5,'Latin America'!D25,$A$3=6,MEA!D25)} -> 293.2371 | E37: {=_xlfn.IFS($A$3=1,Global!E25,$A$3=2,'North America'!E25,$A$3=3,APAC!E25,$A$3=4,Europe!E25,$A$3=5,'Latin America'!E25,$A$3=6,MEA!E25)} -> 331.8252 | F37: {=_xlfn.IFS($A$3=1,Global!F25,$A$3=2,'North America'!F25,$A$3=3,APAC!F25,$A$3=4,Europe!F25,$A$3=5,'Latin America'!F25,$A$3=6,MEA!F25)} -> 375.92069 | G37: {=_xlfn.IFS($A$3=1,Global!G25,$A$3=2,'North America'!G25,$A$3=3,APAC!G25,$A$3=4,Europe!G25,$A$3=5,'Latin America'!G25,$A$3=6,MEA!G25)} -> 426.37684 | H37: {=_xlfn.IFS($A$3=1,Global!H25,$A$3=2,'North America'!H25,$A$3=3,APAC!H25,$A$3=4,Europe!H25,$A$3=5,'Latin America'!H25,$A$3=6,MEA!H25)} -> 484.19128 | I37: {=_xlfn.IFS($A$3=1,Global!I25,$A$3=2,'North America'!I25,$A$3=3,APAC!I25,$A$3=4,Europe!I25,$A$3=5,'Latin America'!I25,$A$3=6,MEA!I25)} -> 550.53296 | J37: {=_xlfn.IFS($A$3=1,Global!J25,$A$3=2,'North America'!J25,$A$3=3,APAC!J25,$A$3=4,Europe!J25,$A$3=5,'Latin America'!J25,$A$3=6,MEA!J25)} -> 626.77463 | K37: {=_xlfn.IFS($A$3=1,Global!K25,$A$3=2,'North America'!K25,$A$3=3,APAC!K25,$A$3=4,Europe!K25,$A$3=5,'Latin America'!K25,$A$3=6,MEA!K25)} -> 714.53224 | ... Q37: {=_xlfn.IFS($A$3=1,Global!Q25,$A$3=2,'North America'!Q25,$A$3=3,APAC!Q25,$A$3=4,Europe!Q25,$A$3=5,'Latin America'!Q25,$A$3=6,MEA!Q25)} -> 1618.6777 | R37: =RATE(9,,-H37,Q37) -> 0.14350523
B38: Therapy selection | D38: {=_xlfn.IFS($A$3=1,Global!D26,$A$3=2,'North America'!D26,$A$3=3,APAC!D26,$A$3=4,Europe!D26,$A$3=5,'Latin America'!D26,$A$3=6,MEA!D26)} -> 195.4914 | E38: {=_xlfn.IFS($A$3=1,Global!E26,$A$3=2,'North America'!E26,$A$3=3,APAC!E26,$A$3=4,Europe!E26,$A$3=5,'Latin America'!E26,$A$3=6,MEA!E26)} -> 221.06285 | F38: {=_xlfn.IFS($A$3=1,Global!F26,$A$3=2,'North America'!F26,$A$3=3,APAC!F26,$A$3=4,Europe!F26,$A$3=5,'Latin America'!F26,$A$3=6,MEA!F26)} -> 250.26511 | G38: {=_xlfn.IFS($A$3=1,Global!G26,$A$3=2,'North America'!G26,$A$3=3,APAC!G26,$A$3=4,Europe!G26,$A$3=5,'Latin America'!G26,$A$3=6,MEA!G26)} -> 283.65821 | H38: {=_xlfn.IFS($A$3=1,Global!H26,$A$3=2,'North America'!H26,$A$3=3,APAC!H26,$A$3=4,Europe!H26,$A$3=5,'Latin America'!H26,$A$3=6,MEA!H26)} -> 321.8966 | I38: {=_xlfn.IFS($A$3=1,Global!I26,$A$3=2,'North America'!I26,$A$3=3,APAC!I26,$A$3=4,Europe!I26,$A$3=5,'Latin America'!I26,$A$3=6,MEA!I26)} -> 365.7467 | J38: {=_xlfn.IFS($A$3=1,Global!J26,$A$3=2,'North America'!J26,$A$3=3,APAC!J26,$A$3=4,Europe!J26,$A$3=5,'Latin America'!J26,$A$3=6,MEA!J26)} -> 416.1081 | K38: {=_xlfn.IFS($A$3=1,Global!K26,$A$3=2,'North America'!K26,$A$3=3,APAC!K26,$A$3=4,Europe!K26,$A$3=5,'Latin America'!K26,$A$3=6,MEA!K26)} -> 474.0392 | ... Q38: {=_xlfn.IFS($A$3=1,Global!Q26,$A$3=2,'North America'!Q26,$A$3=3,APAC!Q26,$A$3=4,Europe!Q26,$A$3=5,'Latin America'!Q26,$A$3=6,MEA!Q26)} -> 1069.3967 | R38: =RATE(9,,-H38,Q38) -> 0.14270947
B39: Treatment response monitoring | D39: {=_xlfn.IFS($A$3=1,Global!D27,$A$3=2,'North America'!D27,$A$3=3,APAC!D27,$A$3=4,Europe!D27,$A$3=5,'Latin America'!D27,$A$3=6,MEA!D27)} -> 146.61855 | E39: {=_xlfn.IFS($A$3=1,Global!E27,$A$3=2,'North America'!E27,$A$3=3,APAC!E27,$A$3=4,Europe!E27,$A$3=5,'Latin America'!E27,$A$3=6,MEA!E27)} -> 165.79714 | F39: {=_xlfn.IFS($A$3=1,Global!F27,$A$3=2,'North America'!F27,$A$3=3,APAC!F27,$A$3=4,Europe!F27,$A$3=5,'Latin America'!F27,$A$3=6,MEA!F27)} -> 187.69883 | G39: {=_xlfn.IFS($A$3=1,Global!G27,$A$3=2,'North America'!G27,$A$3=3,APAC!G27,$A$3=4,Europe!G27,$A$3=5,'Latin America'!G27,$A$3=6,MEA!G27)} -> 212.74366 | H39: {=_xlfn.IFS($A$3=1,Global!H27,$A$3=2,'North America'!H27,$A$3=3,APAC!H27,$A$3=4,Europe!H27,$A$3=5,'Latin America'!H27,$A$3=6,MEA!H27)} -> 241.42245 | I39: {=_xlfn.IFS($A$3=1,Global!I27,$A$3=2,'North America'!I27,$A$3=3,APAC!I27,$A$3=4,Europe!I27,$A$3=5,'Latin America'!I27,$A$3=6,MEA!I27)} -> 274.31002 | J39: {=_xlfn.IFS($A$3=1,Global!J27,$A$3=2,'North America'!J27,$A$3=3,APAC!J27,$A$3=4,Europe!J27,$A$3=5,'Latin America'!J27,$A$3=6,MEA!J27)} -> 312.08107 | K39: {=_xlfn.IFS($A$3=1,Global!K27,$A$3=2,'North America'!K27,$A$3=3,APAC!K27,$A$3=4,Europe!K27,$A$3=5,'Latin America'!K27,$A$3=6,MEA!K27)} -> 355.5294 | ... Q39: {=_xlfn.IFS($A$3=1,Global!Q27,$A$3=2,'North America'!Q27,$A$3=3,APAC!Q27,$A$3=4,Europe!Q27,$A$3=5,'Latin America'!Q27,$A$3=6,MEA!Q27)} -> 802.04749 | R39: =RATE(9,,-H39,Q39) -> 0.14270947
B40: Molecular health monitoring | D40: {=_xlfn.IFS($A$3=1,Global!D28,$A$3=2,'North America'!D28,$A$3=3,APAC!D28,$A$3=4,Europe!D28,$A$3=5,'Latin America'!D28,$A$3=6,MEA!D28)} -> 68.42199 | E40: {=_xlfn.IFS($A$3=1,Global!E28,$A$3=2,'North America'!E28,$A$3=3,APAC!E28,$A$3=4,Europe!E28,$A$3=5,'Latin America'!E28,$A$3=6,MEA!E28)} -> 77.215524 | F40: {=_xlfn.IFS($A$3=1,Global!F28,$A$3=2,'North America'!F28,$A$3=3,APAC!F28,$A$3=4,Europe!F28,$A$3=5,'Latin America'!F28,$A$3=6,MEA!F28)} -> 87.238859 | G40: {=_xlfn.IFS($A$3=1,Global!G28,$A$3=2,'North America'!G28,$A$3=3,APAC!G28,$A$3=4,Europe!G28,$A$3=5,'Latin America'!G28,$A$3=6,MEA!G28)} -> 98.679249 | H40: {=_xlfn.IFS($A$3=1,Global!H28,$A$3=2,'North America'!H28,$A$3=3,APAC!H28,$A$3=4,Europe!H28,$A$3=5,'Latin America'!H28,$A$3=6,MEA!H28)} -> 111.75518 | I40: {=_xlfn.IFS($A$3=1,Global!I28,$A$3=2,'North America'!I28,$A$3=3,APAC!I28,$A$3=4,Europe!I28,$A$3=5,'Latin America'!I28,$A$3=6,MEA!I28)} -> 126.72214 | J40: {=_xlfn.IFS($A$3=1,Global!J28,$A$3=2,'North America'!J28,$A$3=3,APAC!J28,$A$3=4,Europe!J28,$A$3=5,'Latin America'!J28,$A$3=6,MEA!J28)} -> 143.87955 | K40: {=_xlfn.IFS($A$3=1,Global!K28,$A$3=2,'North America'!K28,$A$3=3,APAC!K28,$A$3=4,Europe!K28,$A$3=5,'Latin America'!K28,$A$3=6,MEA!K28)} -> 163.57916 | ... Q40: {=_xlfn.IFS($A$3=1,Global!Q28,$A$3=2,'North America'!Q28,$A$3=3,APAC!Q28,$A$3=4,Europe!Q28,$A$3=5,'Latin America'!Q28,$A$3=6,MEA!Q28)} -> 364.56704 | R40: =RATE(9,,-H40,Q40) -> 0.1403985
B41: Others | D41: {=_xlfn.IFS($A$3=1,Global!D29,$A$3=2,'North America'!D29,$A$3=3,APAC!D29,$A$3=4,Europe!D29,$A$3=5,'Latin America'!D29,$A$3=6,MEA!D29)} -> 273.68796 | E41: {=_xlfn.IFS($A$3=1,Global!E29,$A$3=2,'North America'!E29,$A$3=3,APAC!E29,$A$3=4,Europe!E29,$A$3=5,'Latin America'!E29,$A$3=6,MEA!E29)} -> 301.33951 | F41: {=_xlfn.IFS($A$3=1,Global!F29,$A$3=2,'North America'!F29,$A$3=3,APAC!F29,$A$3=4,Europe!F29,$A$3=5,'Latin America'!F29,$A$3=6,MEA!F29)} -> 331.98761 | G41: {=_xlfn.IFS($A$3=1,Global!G29,$A$3=2,'North America'!G29,$A$3=3,APAC!G29,$A$3=4,Europe!G29,$A$3=5,'Latin America'!G29,$A$3=6,MEA!G29)} -> 365.97883 | H41: {=_xlfn.IFS($A$3=1,Global!H29,$A$3=2,'North America'!H29,$A$3=3,APAC!H29,$A$3=4,Europe!H29,$A$3=5,'Latin America'!H29,$A$3=6,MEA!H29)} -> 403.70283 | I41: {=_xlfn.IFS($A$3=1,Global!I29,$A$3=2,'North America'!I29,$A$3=3,APAC!I29,$A$3=4,Europe!I29,$A$3=5,'Latin America'!I29,$A$3=6,MEA!I29)} -> 445.59823 | J41: {=_xlfn.IFS($A$3=1,Global!J29,$A$3=2,'North America'!J29,$A$3=3,APAC!J29,$A$3=4,Europe!J29,$A$3=5,'Latin America'!J29,$A$3=6,MEA!J29)} -> 492.15938 | K41: {=_xlfn.IFS($A$3=1,Global!K29,$A$3=2,'North America'!K29,$A$3=3,APAC!K29,$A$3=4,Europe!K29,$A$3=5,'Latin America'!K29,$A$3=6,MEA!K29)} -> 543.94413 | ... Q41: {=_xlfn.IFS($A$3=1,Global!Q29,$A$3=2,'North America'!Q29,$A$3=3,APAC!Q29,$A$3=4,Europe!Q29,$A$3=5,'Latin America'!Q29,$A$3=6,MEA!Q29)} -> 1006.205 | R41: =RATE(9,,-H41,Q41) -> 0.10680066
A43: Disease Indication | B43: Lung cancer | D43: {=_xlfn.IFS($A$3=1,Global!D31,$A$3=2,'North America'!D31,$A$3=3,APAC!D31,$A$3=4,Europe!D31,$A$3=5,'Latin America'!D31,$A$3=6,MEA!D31)} -> 244.36425 | E43: {=_xlfn.IFS($A$3=1,Global!E31,$A$3=2,'North America'!E31,$A$3=3,APAC!E31,$A$3=4,Europe!E31,$A$3=5,'Latin America'!E31,$A$3=6,MEA!E31)} -> 271.62589 | F43: {=_xlfn.IFS($A$3=1,Global!F31,$A$3=2,'North America'!F31,$A$3=3,APAC!F31,$A$3=4,Europe!F31,$A$3=5,'Latin America'!F31,$A$3=6,MEA!F31)} -> 302.27421 | G43: {=_xlfn.IFS($A$3=1,Global!G31,$A$3=2,'North America'!G31,$A$3=3,APAC!G31,$A$3=4,Europe!G31,$A$3=5,'Latin America'!G31,$A$3=6,MEA!G31)} -> 336.7763 | H43: {=_xlfn.IFS($A$3=1,Global!H31,$A$3=2,'North America'!H31,$A$3=3,APAC!H31,$A$3=4,Europe!H31,$A$3=5,'Latin America'!H31,$A$3=6,MEA!H31)} -> 375.67123 | I43: {=_xlfn.IFS($A$3=1,Global!I31,$A$3=2,'North America'!I31,$A$3=3,APAC!I31,$A$3=4,Europe!I31,$A$3=5,'Latin America'!I31,$A$3=6,MEA!I31)} -> 419.58248 | J43: {=_xlfn.IFS($A$3=1,Global!J31,$A$3=2,'North America'!J31,$A$3=3,APAC!J31,$A$3=4,Europe!J31,$A$3=5,'Latin America'!J31,$A$3=6,MEA!J31)} -> 469.23293 | K43: {=_xlfn.IFS($A$3=1,Global!K31,$A$3=2,'North America'!K31,$A$3=3,APAC!K31,$A$3=4,Europe!K31,$A$3=5,'Latin America'!K31,$A$3=6,MEA!K31)} -> 525.46278 | ... Q43: {=_xlfn.IFS($A$3=1,Global!Q31,$A$3=2,'North America'!Q31,$A$3=3,APAC!Q31,$A$3=4,Europe!Q31,$A$3=5,'Latin America'!Q31,$A$3=6,MEA!Q31)} -> 1069.3967 | R43: =RATE(9,,-H43,Q43) -> 0.12326237
B44: Colorectal cancer | D44: {=_xlfn.IFS($A$3=1,Global!D32,$A$3=2,'North America'!D32,$A$3=3,APAC!D32,$A$3=4,Europe!D32,$A$3=5,'Latin America'!D32,$A$3=6,MEA!D32)} -> 195.4914 | E44: {=_xlfn.IFS($A$3=1,Global!E32,$A$3=2,'North America'!E32,$A$3=3,APAC!E32,$A$3=4,Europe!E32,$A$3=5,'Latin America'!E32,$A$3=6,MEA!E32)} -> 220.67226 | F44: {=_xlfn.IFS($A$3=1,Global!F32,$A$3=2,'North America'!F32,$A$3=3,APAC!F32,$A$3=4,Europe!F32,$A$3=5,'Latin America'!F32,$A$3=6,MEA!F32)} -> 249.38153 | G44: {=_xlfn.IFS($A$3=1,Global!G32,$A$3=2,'North America'!G32,$A$3=3,APAC!G32,$A$3=4,Europe!G32,$A$3=5,'Latin America'!G32,$A$3=6,MEA!G32)} -> 282.15731 | H44: {=_xlfn.IFS($A$3=1,Global!H32,$A$3=2,'North America'!H32,$A$3=3,APAC!H32,$A$3=4,Europe!H32,$A$3=5,'Latin America'!H32,$A$3=6,MEA!H32)} -> 319.62763 | I44: {=_xlfn.IFS($A$3=1,Global!I32,$A$3=2,'North America'!I32,$A$3=3,APAC!I32,$A$3=4,Europe!I32,$A$3=5,'Latin America'!I32,$A$3=6,MEA!I32)} -> 362.52698 | J44: {=_xlfn.IFS($A$3=1,Global!J32,$A$3=2,'North America'!J32,$A$3=3,APAC!J32,$A$3=4,Europe!J32,$A$3=5,'Latin America'!J32,$A$3=6,MEA!J32)} -> 411.7163 | K44: {=_xlfn.IFS($A$3=1,Global!K32,$A$3=2,'North America'!K32,$A$3=3,APAC!K32,$A$3=4,Europe!K32,$A$3=5,'Latin America'!K32,$A$3=6,MEA!K32)} -> 468.20726 | ... Q44: {=_xlfn.IFS($A$3=1,Global!Q32,$A$3=2,'North America'!Q32,$A$3=3,APAC!Q32,$A$3=4,Europe!Q32,$A$3=5,'Latin America'!Q32,$A$3=6,MEA!Q32)} -> 1045.0922 | R44: =RATE(9,,-H44,Q44) -> 0.14069046
B45: Breast cancer | D45: {=_xlfn.IFS($A$3=1,Global!D33,$A$3=2,'North America'!D33,$A$3=3,APAC!D33,$A$3=4,Europe!D33,$A$3=5,'Latin America'!D33,$A$3=6,MEA!D33)} -> 175.94226 | E45: {=_xlfn.IFS($A$3=1,Global!E33,$A$3=2,'North America'!E33,$A$3=3,APAC!E33,$A$3=4,Europe!E33,$A$3=5,'Latin America'!E33,$A$3=6,MEA!E33)} -> 197.67119 | F45: {=_xlfn.IFS($A$3=1,Global!F33,$A$3=2,'North America'!F33,$A$3=3,APAC!F33,$A$3=4,Europe!F33,$A$3=5,'Latin America'!F33,$A$3=6,MEA!F33)} -> 222.33765 | G45: {=_xlfn.IFS($A$3=1,Global!G33,$A$3=2,'North America'!G33,$A$3=3,APAC!G33,$A$3=4,Europe!G33,$A$3=5,'Latin America'!G33,$A$3=6,MEA!G33)} -> 250.37626 | H45: {=_xlfn.IFS($A$3=1,Global!H33,$A$3=2,'North America'!H33,$A$3=3,APAC!H33,$A$3=4,Europe!H33,$A$3=5,'Latin America'!H33,$A$3=6,MEA!H33)} -> 282.29245 | I45: {=_xlfn.IFS($A$3=1,Global!I33,$A$3=2,'North America'!I33,$A$3=3,APAC!I33,$A$3=4,Europe!I33,$A$3=5,'Latin America'!I33,$A$3=6,MEA!I33)} -> 318.67529 | J45: {=_xlfn.IFS($A$3=1,Global!J33,$A$3=2,'North America'!J33,$A$3=3,APAC!J33,$A$3=4,Europe!J33,$A$3=5,'Latin America'!J33,$A$3=6,MEA!J33)} -> 360.21287 | K45: {=_xlfn.IFS($A$3=1,Global!K33,$A$3=2,'North America'!K33,$A$3=3,APAC!K33,$A$3=4,Europe!K33,$A$3=5,'Latin America'!K33,$A$3=6,MEA!K33)} -> 407.71099 | ... Q45: {=_xlfn.IFS($A$3=1,Global!Q33,$A$3=2,'North America'!Q33,$A$3=3,APAC!Q33,$A$3=4,Europe!Q33,$A$3=5,'Latin America'!Q33,$A$3=6,MEA!Q33)} -> 884.68269 | R45: =RATE(9,,-H45,Q45) -> 0.13532687
B46: Prostate cancer | D46: {=_xlfn.IFS($A$3=1,Global!D34,$A$3=2,'North America'!D34,$A$3=3,APAC!D34,$A$3=4,Europe!D34,$A$3=5,'Latin America'!D34,$A$3=6,MEA!D34)} -> 117.29484 | E46: {=_xlfn.IFS($A$3=1,Global!E34,$A$3=2,'North America'!E34,$A$3=3,APAC!E34,$A$3=4,Europe!E34,$A$3=5,'Latin America'!E34,$A$3=6,MEA!E34)} -> 131.91916 | F46: {=_xlfn.IFS($A$3=1,Global!F34,$A$3=2,'North America'!F34,$A$3=3,APAC!F34,$A$3=4,Europe!F34,$A$3=5,'Latin America'!F34,$A$3=6,MEA!F34)} -> 148.53653 | G46: {=_xlfn.IFS($A$3=1,Global!G34,$A$3=2,'North America'!G34,$A$3=3,APAC!G34,$A$3=4,Europe!G34,$A$3=5,'Latin America'!G34,$A$3=6,MEA!G34)} -> 167.44385 | H46: {=_xlfn.IFS($A$3=1,Global!H34,$A$3=2,'North America'!H34,$A$3=3,APAC!H34,$A$3=4,Europe!H34,$A$3=5,'Latin America'!H34,$A$3=6,MEA!H34)} -> 188.98663 | I46: {=_xlfn.IFS($A$3=1,Global!I34,$A$3=2,'North America'!I34,$A$3=3,APAC!I34,$A$3=4,Europe!I34,$A$3=5,'Latin America'!I34,$A$3=6,MEA!I34)} -> 213.56789 | J46: {=_xlfn.IFS($A$3=1,Global!J34,$A$3=2,'North America'!J34,$A$3=3,APAC!J34,$A$3=4,Europe!J34,$A$3=5,'Latin America'!J34,$A$3=6,MEA!J34)} -> 241.65878 | K46: {=_xlfn.IFS($A$3=1,Global!K34,$A$3=2,'North America'!K34,$A$3=3,APAC!K34,$A$3=4,Europe!K34,$A$3=5,'Latin America'!K34,$A$3=6,MEA!K34)} -> 273.8114 | ... Q46: {=_xlfn.IFS($A$3=1,Global!Q34,$A$3=2,'North America'!Q34,$A$3=3,APAC!Q34,$A$3=4,Europe!Q34,$A$3=5,'Latin America'!Q34,$A$3=6,MEA!Q34)} -> 597.88995 | R46: =RATE(9,,-H46,Q46) -> 0.13651896
B47: Liver cancer | D47: {=_xlfn.IFS($A$3=1,Global!D35,$A$3=2,'North America'!D35,$A$3=3,APAC!D35,$A$3=4,Europe!D35,$A$3=5,'Latin America'!D35,$A$3=6,MEA!D35)} -> 97.7457 | E47: {=_xlfn.IFS($A$3=1,Global!E35,$A$3=2,'North America'!E35,$A$3=3,APAC!E35,$A$3=4,Europe!E35,$A$3=5,'Latin America'!E35,$A$3=6,MEA!E35)} -> 110.1366 | F47: {=_xlfn.IFS($A$3=1,Global!F35,$A$3=2,'North America'!F35,$A$3=3,APAC!F35,$A$3=4,Europe!F35,$A$3=5,'Latin America'!F35,$A$3=6,MEA!F35)} -> 124.24019 | G47: {=_xlfn.IFS($A$3=1,Global!G35,$A$3=2,'North America'!G35,$A$3=3,APAC!G35,$A$3=4,Europe!G35,$A$3=5,'Latin America'!G35,$A$3=6,MEA!G35)} -> 140.31466 | H47: {=_xlfn.IFS($A$3=1,Global!H35,$A$3=2,'North America'!H35,$A$3=3,APAC!H35,$A$3=4,Europe!H35,$A$3=5,'Latin America'!H35,$A$3=6,MEA!H35)} -> 158.66092 | I47: {=_xlfn.IFS($A$3=1,Global!I35,$A$3=2,'North America'!I35,$A$3=3,APAC!I35,$A$3=4,Europe!I35,$A$3=5,'Latin America'!I35,$A$3=6,MEA!I35)} -> 179.63042 | J47: {=_xlfn.IFS($A$3=1,Global!J35,$A$3=2,'North America'!J35,$A$3=3,APAC!J35,$A$3=4,Europe!J35,$A$3=5,'Latin America'!J35,$A$3=6,MEA!J35)} -> 203.63458 | K47: {=_xlfn.IFS($A$3=1,Global!K35,$A$3=2,'North America'!K35,$A$3=3,APAC!K35,$A$3=4,Europe!K35,$A$3=5,'Latin America'!K35,$A$3=6,MEA!K35)} -> 231.15619 | ... Q47: {=_xlfn.IFS($A$3=1,Global!Q35,$A$3=2,'North America'!Q35,$A$3=3,APAC!Q35,$A$3=4,Europe!Q35,$A$3=5,'Latin America'!Q35,$A$3=6,MEA!Q35)} -> 510.39386 | R47: =RATE(9,,-H47,Q47) -> 0.13862763
B48: Head & neck cancer | D48: {=_xlfn.IFS($A$3=1,Global!D36,$A$3=2,'North America'!D36,$A$3=3,APAC!D36,$A$3=4,Europe!D36,$A$3=5,'Latin America'!D36,$A$3=6,MEA!D36)} -> 127.06941 | E48: {=_xlfn.IFS($A$3=1,Global!E36,$A$3=2,'North America'!E36,$A$3=3,APAC!E36,$A$3=4,Europe!E36,$A$3=5,'Latin America'!E36,$A$3=6,MEA!E36)} -> 142.97414 | F48: {=_xlfn.IFS($A$3=1,Global!F36,$A$3=2,'North America'!F36,$A$3=3,APAC!F36,$A$3=4,Europe!F36,$A$3=5,'Latin America'!F36,$A$3=6,MEA!F36)} -> 161.05359 | G48: {=_xlfn.IFS($A$3=1,Global!G36,$A$3=2,'North America'!G36,$A$3=3,APAC!G36,$A$3=4,Europe!G36,$A$3=5,'Latin America'!G36,$A$3=6,MEA!G36)} -> 181.63261 | H48: {=_xlfn.IFS($A$3=1,Global!H36,$A$3=2,'North America'!H36,$A$3=3,APAC!H36,$A$3=4,Europe!H36,$A$3=5,'Latin America'!H36,$A$3=6,MEA!H36)} -> 205.0894 | I48: {=_xlfn.IFS($A$3=1,Global!I36,$A$3=2,'North America'!I36,$A$3=3,APAC!I36,$A$3=4,Europe!I36,$A$3=5,'Latin America'!I36,$A$3=6,MEA!I36)} -> 231.86522 | J48: {=_xlfn.IFS($A$3=1,Global!J36,$A$3=2,'North America'!J36,$A$3=3,APAC!J36,$A$3=4,Europe!J36,$A$3=5,'Latin America'!J36,$A$3=6,MEA!J36)} -> 262.47607 | K48: {=_xlfn.IFS($A$3=1,Global!K36,$A$3=2,'North America'!K36,$A$3=3,APAC!K36,$A$3=4,Europe!K36,$A$3=5,'Latin America'!K36,$A$3=6,MEA!K36)} -> 297.52686 | ... Q48: {=_xlfn.IFS($A$3=1,Global!Q36,$A$3=2,'North America'!Q36,$A$3=3,APAC!Q36,$A$3=4,Europe!Q36,$A$3=5,'Latin America'!Q36,$A$3=6,MEA!Q36)} -> 651.35978 | R48: =RATE(9,,-H48,Q48) -> 0.13700976
B49: Others cancers | D49: {=_xlfn.IFS($A$3=1,Global!D37,$A$3=2,'North America'!D37,$A$3=3,APAC!D37,$A$3=4,Europe!D37,$A$3=5,'Latin America'!D37,$A$3=6,MEA!D37)} -> 19.54914 | E49: {=_xlfn.IFS($A$3=1,Global!E37,$A$3=2,'North America'!E37,$A$3=3,APAC!E37,$A$3=4,Europe!E37,$A$3=5,'Latin America'!E37,$A$3=6,MEA!E37)} -> 22.240981 | F49: {=_xlfn.IFS($A$3=1,Global!F37,$A$3=2,'North America'!F37,$A$3=3,APAC!F37,$A$3=4,Europe!F37,$A$3=5,'Latin America'!F37,$A$3=6,MEA!F37)} -> 25.287421 | G49: {=_xlfn.IFS($A$3=1,Global!G37,$A$3=2,'North America'!G37,$A$3=3,APAC!G37,$A$3=4,Europe!G37,$A$3=5,'Latin America'!G37,$A$3=6,MEA!G37)} -> 28.735806 | H49: {=_xlfn.IFS($A$3=1,Global!H37,$A$3=2,'North America'!H37,$A$3=3,APAC!H37,$A$3=4,Europe!H37,$A$3=5,'Latin America'!H37,$A$3=6,MEA!H37)} -> 32.640082 | I49: {=_xlfn.IFS($A$3=1,Global!I37,$A$3=2,'North America'!I37,$A$3=3,APAC!I37,$A$3=4,Europe!I37,$A$3=5,'Latin America'!I37,$A$3=6,MEA!I37)} -> 37.061783 | J49: {=_xlfn.IFS($A$3=1,Global!J37,$A$3=2,'North America'!J37,$A$3=3,APAC!J37,$A$3=4,Europe!J37,$A$3=5,'Latin America'!J37,$A$3=6,MEA!J37)} -> 42.071188 | K49: {=_xlfn.IFS($A$3=1,Global!K37,$A$3=2,'North America'!K37,$A$3=3,APAC!K37,$A$3=4,Europe!K37,$A$3=5,'Latin America'!K37,$A$3=6,MEA!K37)} -> 47.748665 | ... Q49: {=_xlfn.IFS($A$3=1,Global!Q37,$A$3=2,'North America'!Q37,$A$3=3,APAC!Q37,$A$3=4,Europe!Q37,$A$3=5,'Latin America'!Q37,$A$3=6,MEA!Q37)} -> 102.07877 | R49: =RATE(9,,-H49,Q49) -> 0.13506431

Sheet Europe
A2: Europe Liquid Biopsy Market, 2027-36 (USD Million)
D13: 2023 | E13: 2024 | F13: 2025 | G13: 2026 | H13: 2027 | I13: 2028 | J13: 2029 | K13: 2030 | L13: 2031 | M13: 2032 | N13: 2033 | O13: 2034 | P13: 2035 | Q13: 2036 | R13: CAGR (2027-2036)
D14: =SUM(D63+D113+D163+D212+D261+D310+D359+D408) -> 1170.195 | E14: =SUM(E63+E113+E163+E212+E261+E310+E359+E408) -> 1300.5711 | F14: =SUM(F63+F113+F163+F212+F261+F310+F359+F408) -> 1447.4534 | G14: =SUM(G63+G113+G163+G212+G261+G310+G359+G408) -> 1613.0827 | H14: =SUM(H63+H113+H163+H212+H261+H310+H359+H408) -> 1800.0211 | I14: =SUM(I63+I113+I163+I212+I261+I310+I359+I408) -> 2011.1998 | J14: =SUM(J63+J113+J163+J212+J261+J310+J359+J408) -> 2249.9752 | K14: =SUM(K63+K113+K163+K212+K261+K310+K359+K408) -> 2520.1933 | ... Q14: =SUM(Q63+Q113+Q163+Q212+Q261+Q310+Q359+Q408) -> 5100.543 | R14: =RATE(9,,-H14,Q14) -> 0.12269004 | T14: 2023 | U14: 2024 | V14: 2025 | W14: 2026 | X14: 2027 | Y14: 2028 | Z14: 2029 | AA14: 2030 | AB14: 2031 | AC14: 2032 | AD14: 2033 | AE14: 2034 | AF14: 2035 | AG14: 2036
A15: Biomarker Type | B15: Circulating tumor cells | D15: =D14*T15 -> 351.0585 | E15: =E14*U15 -> 394.82542 | F15: =F14*V15 -> 444.65722 | G15: =G14*W15 -> 501.44944 | H15: =H14*X15 -> 566.23651 | I15: =I14*Y15 -> 640.21412 | J15: =J14*Z15 -> 724.76549 | K15: =K14*AA15 -> 821.49208 | ... Q15: =Q14*AG15 -> 1785.19 | R15: =RATE(9,,-H15,Q15) -> 0.13608185 | S15: Circulating tumor cells | T15: 0.3 | U15: 0.3035785 | V15: 0.30719968 | W15: 0.31086406 | X15: 0.31457215 | Y15: 0.31832447 | Z15: 0.32212154 | AA15: 0.32596392 | AB15: 0.32985212 | AC15: 0.3337867 | AD15: 0.33776822 | AE15: 0.34179723 | AF15: 0.3458743 | AG15: 0.35
B16: Circulating tumor DNA | D16: =D14*T16 -> 234.039 | E16: =E14*U16 -> 261.09229 | F16: =F14*V16 -> 291.67182 | G16: =G14*W16 -> 326.2695 | H16: =H14*X16 -> 365.44951 | I16: =I14*Y16 -> 409.85945 | J16: =J14*Z16 -> 460.24323 | K16: =K14*AA16 -> 517.45605 | ... Q16: =Q14*AG16 -> 1071.114 | R16: =RATE(9,,-H16,Q16) -> 0.12691151 | S16: Circulating tumor DNA | T16: 0.2 | U16: 0.20075203 | V16: 0.20150688 | W16: 0.20226458 | X16: 0.20302512 | Y16: 0.20378853 | Z16: 0.2045548 | AA16: 0.20532395 | AB16: 0.206096 | AC16: 0.20687095 | AD16: 0.20764881 | AE16: 0.2084296 | AF16: 0.20921333 | AG16: 0.21
B17: Exosomes | D17: =D14*T17 -> 117.0195 | E17: =E14*U17 -> 131.89398 | F17: =F14*V17 -> 148.86285 | G17: =G14*W17 -> 168.23999 | H17: =H14*X17 -> 190.38865 | I17: =I14*Y17 -> 215.72951 | J17: =J14*Z17 -> 244.75013 | K17: =K14*AA17 -> 278.01608 | ... Q17: =Q14*AG17 -> 612.06516 | R17: =RATE(9,,-H17,Q17) -> 0.1385464 | S17: Exosomes | T17: 0.1 | U17: 0.10141235 | V17: 0.10284466 | W17: 0.10429719 | X17: 0.10577023 | Y17: 0.10726408 | Z17: 0.10877903 | AA17: 0.11031538 | AB17: 0.11187342 | AC17: 0.11345347 | AD17: 0.11505584 | AE17: 0.11668083 | AF17: 0.11832878 | AG17: 0.12
B18: Circulating RNA & proteins | D18: =D14*T18 -> 81.91365 | E18: =E14*U18 -> 91.524424 | F18: =F14*V18 -> 102.40292 | G18: =G14*W18 -> 114.72796 | H18: =H14*X18 -> 128.7049 | I18: =I14*Y18 -> 144.5698 | J18: =J14*Z18 -> 162.59416 | K18: =K14*AA18 -> 183.09055 | ... Q18: =Q14*AG18 -> 382.54072 | R18: =RATE(9,,-H18,Q18) -> 0.12866415 | S18: Circulating RNA & proteins | T18: 0.07 | U18: 0.070372488 | V18: 0.070746957 | W18: 0.07112342 | X18: 0.071501885 | Y18: 0.071882365 | Z18: 0.072264869 | AA18: 0.072649409 | AB18: 0.073035994 | AC18: 0.073424637 | AD18: 0.073815348 | AE18: 0.074208138 | AF18: 0.074603019 | AG18: 0.075
B19: Nucleosomes | D19: =D14*T19 -> 386.16435 | E19: =E14*U19 -> 421.23499 | F19: =F14*V19 -> 459.85857 | G19: =G14*W19 -> 502.39583 | H19: =H14*X19 -> 549.24155 | I19: =I14*Y19 -> 600.82697 | J19: =J14*Z19 -> 657.6222 | K19: =K14*AA19 -> 720.13855 | ... Q19: =Q14*AG19 -> 1249.633 | R19: =RATE(9,,-H19,Q19) -> 0.095642299 | S19: Nucleosomes | T19: =1-SUM(T15:T18) -> 0.33 | U19: =1-SUM(U15:U18) -> 0.32388463 | V19: =1-SUM(V15:V18) -> 0.31770182 | W19: =1-SUM(W15:W18) -> 0.31145076 | X19: =1-SUM(X15:X18) -> 0.30513061 | Y19: =1-SUM(Y15:Y18) -> 0.29874056 | Z19: =1-SUM(Z15:Z18) -> 0.29227976 | AA19: =1-SUM(AA15:AA18) -> 0.28574734 | ... AG19: =1-SUM(AG15:AG18) -> 0.245
D20: =D14=SUM(D15:D19) -> TRUE | E20: =E14=SUM(E15:E19) -> TRUE | F20: =F14=SUM(F15:F19) -> TRUE | G20: =G14=SUM(G15:G19) -> TRUE | H20: =H14=SUM(H15:H19) -> TRUE | I20: =I14=SUM(I15:I19) -> TRUE | J20: =J14=SUM(J15:J19) -> TRUE | K20: =K14=SUM(K15:K19) -> TRUE | ... Q20: =Q14=SUM(Q15:Q19) -> TRUE
A21: Sample | B21: Blood | D21: =D14*T21 -> 819.1365 | E21: =E14*U21 -> 910.49982 | F21: =F14*V21 -> 1013.4401 | G21: =G14*W21 -> 1129.5302 | H21: =H14*X21 -> 1260.5686 | I21: =I14*Y21 -> 1408.6134 | J21: =J14*Z21 -> 1576.0211 | K21: =K14*AA21 -> 1765.4923 | ... Q21: =Q14*AG21 -> 3575.4806 | R21: =RATE(9,,-H21,Q21) -> 0.1228133 | S21: Blood | T21: 0.7 | U21: 0.70007692 | V21: 0.70015385 | W21: 0.70023077 | X21: 0.70030769 | Y21: 0.70038462 | Z21: 0.70046154 | AA21: 0.70053846 | AB21: 0.70061538 | AC21: 0.70069231 | AD21: 0.70076923 | AE21: 0.70084615 | AF21: 0.70092308 | AG21: 0.701
B22: Urine | D22: =D14*T22 -> 234.039 | E22: =E14*U22 -> 260.21427 | F22: =F14*V22 -> 289.71336 | G22: =G14*W22 -> 322.9888 | H22: =H14*X22 -> 360.55808 | I22: =I14*Y22 -> 403.01351 | J22: =J14*Z22 -> 451.03349 | K22: =K14*AA22 -> 505.39569 | ... Q22: =Q14*AG22 -> 1025.2091 | R22: =RATE(9,,-H22,Q22) -> 0.12312051 | S22: Urine | T22: 0.2 | U22: 0.20007692 | V22: 0.20015385 | W22: 0.20023077 | X22: 0.20030769 | Y22: 0.20038462 | Z22: 0.20046154 | AA22: 0.20053846 | AB22: 0.20061538 | AC22: 0.20069231 | AD22: 0.20076923 | AE22: 0.20084615 | AF22: 0.20092308 | AG22: 0.201
B23: Others (Serum) | D23: =D14*T23 -> 117.0195 | E23: =E14*U23 -> 129.85702 | F23: =F14*V23 -> 144.29997 | G23: =G14*W23 -> 160.56377 | H23: =H14*X23 -> 178.89441 | I23: =I14*Y23 -> 199.57291 | J23: =J14*Z23 -> 222.92062 | K23: =K14*AA23 -> 249.30528 | ... Q23: =Q14*AG23 -> 499.85321 | R23: =RATE(9,,-H23,Q23) -> 0.12094127 | S23: Others (Serum) | T23: =1-SUM(T21:T22) -> 0.1 | U23: =1-SUM(U21:U22) -> 0.099846154 | V23: =1-SUM(V21:V22) -> 0.099692308 | W23: =1-SUM(W21:W22) -> 0.099538462 | X23: =1-SUM(X21:X22) -> 0.099384615 | Y23: =1-SUM(Y21:Y22) -> 0.099230769 | Z23: =1-SUM(Z21:Z22) -> 0.099076923 | AA23: =1-SUM(AA21:AA22) -> 0.098923077 | ... AG23: =1-SUM(AG21:AG22) -> 0.098
D24: =D14=SUM(D21:D23) -> TRUE | E24: =E14=SUM(E21:E23) -> TRUE | F24: =F14=SUM(F21:F23) -> TRUE | G24: =G14=SUM(G21:G23) -> TRUE | H24: =H14=SUM(H21:H23) -> TRUE | I24: =I14=SUM(I21:I23) -> TRUE | J24: =J14=SUM(J21:J23) -> TRUE | K24: =K14=SUM(K21:K23) -> TRUE | ... Q24: =Q14=SUM(Q21:Q23) -> TRUE
A25: Clinical Application | B25: Early disease screening | D25: =D14*T25 -> 351.0585 | E25: =E14*U25 -> 393.31611 | F25: =F14*V25 -> 441.26411 | G25: =G14*W25 -> 495.72069 | H25: =H14*X25 -> 557.62776 | I25: =I14*Y25 -> 628.0705 | J25: =J14*Z25 -> 708.30007 | K25: =K14*AA25 -> 799.7602 | ... Q25: =Q14*AG25 -> 1698.4808 | R25: =RATE(9,,-H25,Q25) -> 0.13173892 | S25: Early disease screening | T25: 0.3 | U25: 0.302418 | V25: 0.30485549 | W25: 0.30731263 | X25: 0.30978957 | Y25: 0.31228647 | Z25: 0.3148035 | AA25: 0.31734082 | AB25: 0.31989858 | AC25: 0.32247697 | AD25: 0.32507613 | AE25: 0.32769625 | AF25: 0.33033748 | AG25: 0.333
B26: Therapy selection | D26: =D14*T26 -> 234.039 | E26: =E14*U26 -> 262.02827 | F26: =F14*V26 -> 293.76678 | G26: =G14*W26 -> 329.791 | H26: =H14*X26 -> 370.71812 | I26: =I14*Y26 -> 417.25878 | J26: =J14*Z26 -> 470.23185 | K26: =K14*AA26 -> 530.58164 | ... Q26: =Q14*AG26 -> 1122.1195 | R26: =RATE(9,,-H26,Q26) -> 0.13095134 | S26: Therapy selection | T26: 0.2 | U26: 0.2014717 | V26: 0.20295423 | W26: 0.20444766 | X26: 0.20595209 | Y26: 0.20746759 | Z26: 0.20899424 | AA26: 0.21053212 | AB26: 0.21208132 | AC26: 0.21364192 | AD26: 0.215214 | AE26: 0.21679765 | AF26: 0.21839296 | AG26: 0.22
B27: Treatment response monitoring | D27: =D14*T27 -> 175.52925 | E27: =E14*U27 -> 196.5212 | F27: =F14*V27 -> 220.32509 | G27: =G14*W27 -> 247.34325 | H27: =H14*X27 -> 278.03859 | I27: =I14*Y27 -> 312.94409 | J27: =J14*Z27 -> 352.67389 | K27: =K14*AA27 -> 397.93623 | ... Q27: =Q14*AG27 -> 841.58959 | R27: =RATE(9,,-H27,Q27) -> 0.13095134 | S27: Treatment response monitoring | T27: 0.15 | U27: 0.15110377 | V27: 0.15221567 | W27: 0.15333575 | X27: 0.15446407 | Y27: 0.15560069 | Z27: 0.15674568 | AA27: 0.15789909 | AB27: 0.15906099 | AC27: 0.16023144 | AD27: 0.1614105 | AE27: 0.16259824 | AF27: 0.16379472 | AG27: 0.165
B28: Molecular health monitoring | D28: =D14*T28 -> 81.91365 | E28: =E14*U28 -> 91.524424 | F28: =F14*V28 -> 102.40292 | G28: =G14*W28 -> 114.72796 | H28: =H14*X28 -> 128.7049 | I28: =I14*Y28 -> 144.5698 | J28: =J14*Z28 -> 162.59416 | K28: =K14*AA28 -> 183.09055 | ... Q28: =Q14*AG28 -> 382.54072 | R28: =RATE(9,,-H28,Q28) -> 0.12866415 | S28: Molecular health monitoring | T28: 0.07 | U28: 0.070372488 | V28: 0.070746957 | W28: 0.07112342 | X28: 0.071501885 | Y28: 0.071882365 | Z28: 0.072264869 | AA28: 0.072649409 | AB28: 0.073035994 | AC28: 0.073424637 | AD28: 0.073815348 | AE28: 0.074208138 | AF28: 0.074603019 | AG28: 0.075
B29: Others | D29: =D14*T29 -> 327.6546 | E29: =E14*U29 -> 357.1811 | F29: =F14*V29 -> 389.69448 | G29: =G14*W29 -> 425.49984 | H29: =H14*X29 -> 464.93176 | I29: =I14*Y29 -> 508.35667 | J29: =J14*Z29 -> 556.17523 | K29: =K14*AA29 -> 608.82468 | ... Q29: =Q14*AG29 -> 1055.8124 | R29: =RATE(9,,-H29,Q29) -> 0.095412028 | S29: Others | T29: =1-SUM(T25:T28) -> 0.28 | U29: =1-SUM(U25:U28) -> 0.27463404 | V29: =1-SUM(V25:V28) -> 0.26922766 | W29: =1-SUM(W25:W28) -> 0.26378054 | X29: =1-SUM(X25:X28) -> 0.25829239 | Y29: =1-SUM(Y25:Y28) -> 0.25276288 | Z29: =1-SUM(Z25:Z28) -> 0.24719171 | AA29: =1-SUM(AA25:AA28) -> 0.24157856 | ... AG29: =1-SUM(AG25:AG28) -> 0.207
D30: =D14=SUM(D25:D29) -> TRUE | E30: =E14=SUM(E25:E29) -> TRUE | F30: =F14=SUM(F25:F29) -> TRUE | G30: =G14=SUM(G25:G29) -> TRUE | H30: =H14=SUM(H25:H29) -> TRUE | I30: =I14=SUM(I25:I29) -> TRUE | J30: =J14=SUM(J25:J29) -> TRUE | K30: =K14=SUM(K25:K29) -> TRUE | ... Q30: =Q14=SUM(Q25:Q29) -> TRUE
A31: Disease Indication | B31: Lung cancer | D31: =D14*T31 -> 292.54875 | E31: =E14*U31 -> 321.96121 | F31: =F14*V31 -> 354.81622 | G31: =G14*W31 -> 391.54795 | H31: =H14*X31 -> 432.64865 | I31: =I14*Y31 -> 478.67684 | J31: =J14*Z31 -> 530.26671 | K31: =K14*AA31 -> 588.13892 | ... Q31: =Q14*AG31 -> 1122.1195 | R31: =RATE(9,,-H31,Q31) -> 0.11170435 | S31: Lung cancer | T31: 0.25 | U31: 0.24755371 | V31: 0.24513136 | W31: 0.24273272 | X31: 0.24035754 | Y31: 0.23800561 | Z31: 0.23567669 | AA31: 0.23337056 | AB31: 0.23108699 | AC31: 0.22882577 | AD31: 0.22658668 | AE31: 0.22436949 | AF31: 0.22217401 | AG31: 0.22
B32: Colorectal cancer | D32: =D14*T32 -> 234.039 | E32: =E14*U32 -> 261.5653 | F32: =F14*V32 -> 292.72961 | G32: =G14*W32 -> 328.046 | H32: =H14*X32 -> 368.10502 | I32: =I14*Y32 -> 413.58559 | J32: =J14*Z32 -> 465.26881 | K32: =K14*AA32 -> 524.05407 | ... Q32: =Q14*AG32 -> 1096.6167 | R32: =RATE(9,,-H32,Q32) -> 0.12895311 | S32: Colorectal cancer | T32: 0.2 | U32: 0.20111573 | V32: 0.20223768 | W32: 0.20336589 | X32: 0.20450039 | Y32: 0.20564122 | Z32: 0.20678842 | AA32: 0.20794201 | AB32: 0.20910205 | AC32: 0.21026855 | AD32: 0.21144156 | AE32: 0.21262111 | AF32: 0.21380725 | AG32: 0.215
B33: Breast cancer | D33: =D14*T33 -> 210.6351 | E33: =E14*U33 -> 234.30187 | F33: =F14*V33 -> 260.9849 | G33: =G14*W33 -> 291.09623 | H33: =H14*X33 -> 325.10727 | I33: =I14*Y33 -> 363.55779 | J33: =J14*Z33 -> 407.06626 | K33: =K14*AA33 -> 456.34193 | ... Q33: =Q14*AG33 -> 928.29882 | R33: =RATE(9,,-H33,Q33) -> 0.12364471 | S33: Breast cancer | T33: 0.18 | U33: 0.18015306 | V33: 0.18030626 | W33: 0.18045958 | X33: 0.18061303 | Y33: 0.18076662 | Z33: 0.18092033 | AA33: 0.18107418 | AB33: 0.18122815 | AC33: 0.18138226 | AD33: 0.1815365 | AE33: 0.18169087 | AF33: 0.18184537 | AG33: 0.182
B34: Prostate cancer | D34: =D14*T34 -> 140.4234 | E34: =E14*U34 -> 156.36526 | F34: =F14*V34 -> 174.3555 | G34: =G14*W34 -> 194.67609 | H34: =H14*X34 -> 217.64991 | I34: =I14*Y34 -> 243.64698 | J34: =J14*Z34 -> 273.09167 | K34: =K14*AA34 -> 306.47107 | ... Q34: =Q14*AG34 -> 627.36679 | R34: =RATE(9,,-H34,Q34) -> 0.12482453 | S34: Prostate cancer | T34: 0.12 | U34: 0.12022815 | V34: 0.12045673 | W34: 0.12068575 | X34: 0.1209152 | Y34: 0.12114509 | Z34: 0.12137541 | AA34: 0.12160618 | AB34: 0.12183738 | AC34: 0.12206902 | AD34: 0.1223011 | AE34: 0.12253363 | AF34: 0.12276659 | AG34: 0.123
B35: Liver cancer | D35: =D14*T35 -> 117.0195 | E35: =E14*U35 -> 130.54614 | F35: =F14*V35 -> 145.83591 | G35: =G14*W35 -> 163.13475 | H35: =H14*X35 -> 182.72475 | I35: =I14*Y35 -> 204.92972 | J35: =J14*Z35 -> 230.12161 | K35: =K14*AA35 -> 258.72803 | ... Q35: =Q14*AG35 -> 535.55701 | R35: =RATE(9,,-H35,Q35) -> 0.12691151 | S35: Liver cancer | T35: 0.1 | U35: 0.10037601 | V35: 0.10075344 | W35: 0.10113229 | X35: 0.10151256 | Y35: 0.10189426 | Z35: 0.1022774 | AA35: 0.10266198 | AB35: 0.103048 | AC35: 0.10343548 | AD35: 0.10382441 | AE35: 0.1042148 | AF35: 0.10460666 | AG35: 0.105
B36: Head & neck cancer | D36: =D14*T36 -> 152.12535 | E36: =E14*U36 -> 169.46885 | F36: =F14*V36 -> 189.0483 | G36: =G14*W36 -> 211.17245 | H36: =H14*X36 -> 236.19496 | I36: =I14*Y36 -> 264.52131 | J36: =J14*Z36 -> 296.6167 | K36: =K14*AA36 -> 333.01526 | ... Q36: =Q14*AG36 -> 683.47276 | R36: =RATE(9,,-H36,Q36) -> 0.12531028 | S36: Head & neck cancer | T36: 0.13 | U36: 0.13030341 | V36: 0.13060752 | W36: 0.13091235 | X36: 0.13121788 | Y36: 0.13152413 | Z36: 0.1318311 | AA36: 0.13213878 | AB36: 0.13244718 | AC36: 0.13275629 | AD36: 0.13306613 | AE36: 0.1333767 | AF36: 0.13368799 | AG36: 0.134
B37: Others cancers | D37: =D14*T37 -> 23.4039 | E37: =E14*U37 -> 26.362483 | F37: =F14*V37 -> 29.68294 | G37: =G14*W37 -> 33.409257 | H37: =H14*X37 -> 37.590548 | I37: =I14*Y37 -> 42.281597 | J37: =J14*Z37 -> 47.543446 | K37: =K14*AA37 -> 53.444029 | ... Q37: =Q14*AG37 -> 107.1114 | R37: =RATE(9,,-H37,Q37) -> 0.12338485 | S37: Others cancers | T37: =1-SUM(T31:T36) -> 0.02 | U37: =1-SUM(U31:U36) -> 0.020269928 | V37: =1-SUM(V31:V36) -> 0.020507009 | W37: =1-SUM(W31:W36) -> 0.020711434 | X37: =1-SUM(X31:X36) -> 0.020883393 | Y37: =1-SUM(Y31:Y36) -> 0.021023071 | Z37: =1-SUM(Z31:Z36) -> 0.021130653 | AA37: =1-SUM(AA31:AA36) -> 0.021206321 | ... AG37: =1-SUM(AG31:AG36) -> 0.021
D38: =D14=SUM(D31:D37) -> TRUE | E38: =E14=SUM(E31:E37) -> TRUE | F38: =F14=SUM(F31:F37) -> TRUE | G38: =G14=SUM(G31:G37) -> TRUE | H38: =H14=SUM(H31:H37) -> TRUE | I38: =I14=SUM(I31:I37) -> TRUE | J38: =J14=SUM(J31:J37) -> TRUE | K38: =K14=SUM(K31:K37) -> TRUE | ... Q38: =Q14=SUM(Q31:Q37) -> FALSE
A39: Germany Liquid Biopsy Market 2027-36 (USD Million)
D41: 2023 | E41: 2024 | F41: 2025 | G41: 2026 | H41: 2027 | I41: 2028 | J41: 2029 | K41: 2030 | L41: 2031 | M41: 2032 | N41: 2033 | O41: 2034 | P41: 2035 | Q41: 2036 | R41: CAGR (2024-2036)
D42: =#REF! -> #REF! | E42: =#REF! -> #REF! | F42: =#REF! -> #REF! | G42: =#REF! -> #REF! | H42: =#REF! -> #REF! | I42: =#REF! -> #REF! | J42: =#REF! -> #REF! | K42: =#REF! -> #REF! | ... Q42: =#REF! -> #REF! | R42: =RATE(12,,-E42,Q42) -> #REF! | T42: 2023 | U42: 2024 | V42: 2025 | W42: 2026 | X42: 2027 | Y42: 2028 | Z42: 2029 | AA42: 2030 | AB42: 2031 | AC42: 2032 | AD42: 2033 | AE42: 2034 | AF42: 2035 | AG42: 2036
A43: Test Type | B43: Phenotypic AST | D43: =D42*T43 -> #REF! | E43: =E42*U43 -> #REF! | F43: =F42*V43 -> #REF! | G43: =G42*W43 -> #REF! | H43: =H42*X43 -> #REF! | I43: =I42*Y43 -> #REF! | J43: =J42*Z43 -> #REF! | K43: =K42*AA43 -> #REF! | ... Q43: =Q42*AG43 -> #REF! | R43: =RATE(12,,-E43,Q43) -> #REF! | T43: 0.56 | U43: 0.56092161 | V43: 0.56184474 | W43: 0.56276939 | X43: 0.56369557 | Y43: 0.56462326 | Z43: 0.56555248 | AA43: 0.56648323 | AB43: 0.56741552 | AC43: 0.56834934 | AD43: 0.56928469 | AE43: 0.57022158 | AF43: 0.57116002 | AG43: 0.5721
B44: Genotypic AST | D44: =D42*T44 -> #REF! | E44: =E42*U44 -> #REF! | F44: =F42*V44 -> #REF! | G44: =G42*W44 -> #REF! | H44: =H42*X44 -> #REF! | I44: =I42*Y44 -> #REF! | J44: =J42*Z44 -> #REF! | K44: =K42*AA44 -> #REF! | ... Q44: =Q42*AG44 -> #REF! | R44: =RATE(12,,-E44,Q44) -> #REF! | T44: =1-T43 -> 0.44 | U44: =1-U43 -> 0.43907839 | V44: =1-V43 -> 0.43815526 | W44: =1-W43 -> 0.43723061 | X44: =1-X43 -> 0.43630443 | Y44: =1-Y43 -> 0.43537674 | Z44: =1-Z43 -> 0.43444752 | AA44: =1-AA43 -> 0.43351677 | ... AG44: =1-AG43 -> 0.4279
A46: Product | B46: Instruments | D46: =D42*T46 -> #REF! | E46: =E42*U46 -> #REF! | F46: =F42*V46 -> #REF! | G46: =G42*W46 -> #REF! | H46: =H42*X46 -> #REF! | I46: =I42*Y46 -> #REF! | J46: =J42*Z46 -> #REF! | K46: =K42*AA46 -> #REF! | ... Q46: =Q42*AG46 -> #REF! | R46: =RATE(12,,-E46,Q46) -> #REF! | T46: 0.471 | U46: 0.47038462 | V46: 0.46976923 | W46: 0.46915385 | X46: 0.46853846 | Y46: 0.46792308 | Z46: 0.46730769 | AA46: 0.46669231 | AB46: 0.46607692 | AC46: 0.46546154 | AD46: 0.46484615 | AE46: 0.46423077 | AF46: 0.46361538 | AG46: 0.463
B47: Consumables | D47: =D42*T47 -> #REF! | E47: =E42*U47 -> #REF! | F47: =F42*V47 -> #REF! | G47: =G42*W47 -> #REF! | H47: =H42*X47 -> #REF! | I47: =I42*Y47 -> #REF! | J47: =J42*Z47 -> #REF! | K47: =K42*AA47 -> #REF! | ... Q47: =Q42*AG47 -> #REF! | R47: =RATE(12,,-E47,Q47) -> #REF! | T47: =1-T46 -> 0.529 | U47: =1-U46 -> 0.52961538 | V47: =1-V46 -> 0.53023077 | W47: =1-W46 -> 0.53084615 | X47: =1-X46 -> 0.53146154 | Y47: =1-Y46 -> 0.53207692 | Z47: =1-Z46 -> 0.53269231 | AA47: =1-AA46 -> 0.53330769 | ... AG47: =1-AG46 -> 0.537
A49: Method | B49: Conventional | D49: =D42*T49 -> #REF! | E49: =E42*U49 -> #REF! | F49: =F42*V49 -> #REF! | G49: =G42*W49 -> #REF! | H49: =H42*X49 -> #REF! | I49: =I42*Y49 -> #REF! | J49: =J42*Z49 -> #REF! | K49: =K42*AA49 -> #REF! | ... Q49: =Q42*AG49 -> #REF! | R49: =RATE(12,,-E49,Q49) -> #REF! | T49: 0.401 | U49: 0.40265091 | V49: 0.40430861 | W49: 0.40597313 | X49: 0.40764451 | Y49: 0.40932277 | Z49: 0.41100794 | AA49: 0.41270005 | AB49: 0.41439913 | AC49: 0.4161052 | AD49: 0.41781829 | AE49: 0.41953843 | AF49: 0.42126566 | AG49: 0.423
B50: Automated | D50: =D42*T50 -> #REF! | E50: =E42*U50 -> #REF! | F50: =F42*V50 -> #REF! | G50: =G42*W50 -> #REF! | H50: =H42*X50 -> #REF! | I50: =I42*Y50 -> #REF! | J50: =J42*Z50 -> #REF! | K50: =K42*AA50 -> #REF! | ... Q50: =Q42*AG50 -> #REF! | R50: =RATE(12,,-E50,Q50) -> #REF! | T50: =1-T49 -> 0.599 | U50: =1-U49 -> 0.59734909 | V50: =1-V49 -> 0.59569139 | W50: =1-W49 -> 0.59402687 | X50: =1-X49 -> 0.59235549 | Y50: =1-Y49 -> 0.59067723 | Z50: =1-Z49 -> 0.58899206 | AA50: =1-AA49 -> 0.58729995 | ... AG50: =1-AG49 -> 0.577
A52: Technology | B52: Culture-Based | D52: =D42*T52 -> #REF! | E52: =E42*U52 -> #REF! | F52: =F42*V52 -> #REF! | G52: =G42*W52 -> #REF! | H52: =H42*X52 -> #REF! | I52: =I42*Y52 -> #REF! | J52: =J42*Z52 -> #REF! | K52: =K42*AA52 -> #REF! | ... Q52: =Q42*AG52 -> #REF! | R52: =RATE(12,,-E52,Q52) -> #REF! | T52: 0.25 | U52: 0.25155594 | V52: 0.25312155 | W52: 0.25469692 | X52: 0.25628209 | Y52: 0.25787712 | Z52: 0.25948208 | AA52: 0.26109703 | AB52: 0.26272203 | AC52: 0.26435714 | AD52: 0.26600243 | AE52: 0.26765796 | AF52: 0.2693238 | AG52: 0.271
B53: Molecular Technology | D53: =D42*T53 -> #REF! | E53: =E42*U53 -> #REF! | F53: =F42*V53 -> #REF! | G53: =G42*W53 -> #REF! | H53: =H42*X53 -> #REF! | I53: =I42*Y53 -> #REF! | J53: =J42*Z53 -> #REF! | K53: =K42*AA53 -> #REF! | ... Q53: =Q42*AG53 -> #REF! | R53: =RATE(12,,-E53,Q53) -> #REF! | T53: 0.38 | U53: 0.38090989 | V53: 0.38182196 | W53: 0.38273621 | X53: 0.38365265 | Y53: 0.38457129 | Z53: 0.38549212 | AA53: 0.38641516 | AB53: 0.38734041 | AC53: 0.38826788 | AD53: 0.38919756 | AE53: 0.39012948 | AF53: 0.39106362 | AG53: 0.392
B54: PCR | D54: =D53*T54 -> #REF! | E54: =E53*U54 -> #REF! | F54: =F53*V54 -> #REF! | G54: =G53*W54 -> #REF! | H54: =H53*X54 -> #REF! | I54: =I53*Y54 -> #REF! | J54: =J53*Z54 -> #REF! | K54: =K53*AA54 -> #REF! | ... Q54: =Q53*AG54 -> #REF! | R54: =RATE(12,,-E54,Q54) -> #REF! | T54: 0.35 | U54: 0.34938588 | V54: 0.34877285 | W54: 0.34816088 | X54: 0.34754999 | Y54: 0.34694018 | Z54: 0.34633143 | AA54: 0.34572375 | AB54: 0.34511714 | AC54: 0.34451159 | AD54: 0.3439071 | AE54: 0.34330368 | AF54: 0.34270131 | AG54: 0.3421
B55: Microarray | D55: =D53*T55 -> #REF! | E55: =E53*U55 -> #REF! | F55: =F53*V55 -> #REF! | G55: =G53*W55 -> #REF! | H55: =H53*X55 -> #REF! | I55: =I53*Y55 -> #REF! | J55: =J53*Z55 -> #REF! | K55: =K53*AA55 -> #REF! | ... Q55: =Q53*AG55 -> #REF! | R55: =RATE(12,,-E55,Q55) -> #REF! | T55: 0.28 | U55: 0.28097919 | V55: 0.2819618 | W55: 0.28294785 | X55: 0.28393735 | Y55: 0.2849303 | Z55: 0.28592673 | AA55: 0.28692665 | AB55: 0.28793006 | AC55: 0.28893698 | AD55: 0.28994742 | AE55: 0.2909614 | AF55: 0.29197892 | AG55: 0.293
B56: PNA-FISH | D56: =D53*T56 -> #REF! | E56: =E53*U56 -> #REF! | F56: =F53*V56 -> #REF! | G56: =G53*W56 -> #REF! | H56: =H53*X56 -> #REF! | I56: =I53*Y56 -> #REF! | J56: =J53*Z56 -> #REF! | K56: =K53*AA56 -> #REF! | ... Q56: =Q53*AG56 -> #REF! | R56: =RATE(12,,-E56,Q56) -> #REF! | T56: =1-SUM(T54:T55) -> 0.37 | U56: =1-SUM(U54:U55) -> 0.36963493 | V56: =1-SUM(V54:V55) -> 0.36926535 | W56: =1-SUM(W54:W55) -> 0.36889127 | X56: =1-SUM(X54:X55) -> 0.36851266 | Y56: =1-SUM(Y54:Y55) -> 0.36812952 | Z56: =1-SUM(Z54:Z55) -> 0.36774184 | AA56: =1-SUM(AA54:AA55) -> 0.3673496 | ... AG56: =1-SUM(AG54:AG55) -> 0.3649
B57: Proteomic Technologies | D57: =D42*T57 -> #REF! | E57: =E42*U57 -> #REF! | F57: =F42*V57 -> #REF! | G57: =G42*W57 -> #REF! | H57: =H42*X57 -> #REF! | I57: =I42*Y57 -> #REF! | J57: =J42*Z57 -> #REF! | K57: =K42*AA57 -> #REF! | ... Q57: =Q42*AG57 -> #REF! | R57: =RATE(12,,-E57,Q57) -> #REF! | T57: =1-SUM(T52+T53) -> 0.37 | U57: =1-SUM(U52+U53) -> 0.36753418 | V57: =1-SUM(V52+V53) -> 0.36505649 | W57: =1-SUM(W52+W53) -> 0.36256687 | X57: =1-SUM(X52+X53) -> 0.36006526 | Y57: =1-SUM(Y52+Y53) -> 0.3575516 | Z57: =1-SUM(Z52+Z53) -> 0.3550258 | AA57: =1-SUM(AA52+AA53) -> 0.35248781 | ... AG57: =1-SUM(AG52+AG53) -> 0.337
A59: Application | B59: Bacteremia | D59: =D42*T59 -> #REF! | E59: =E42*U59 -> #REF! | F59: =F42*V59 -> #REF! | G59: =G42*W59 -> #REF! | H59: =H42*X59 -> #REF! | I59: =I42*Y59 -> #REF! | J59: =J42*Z59 -> #REF! | K59: =K42*AA59 -> #REF! | ... Q59: =Q42*AG59 -> #REF! | R59: =RATE(12,,-E59,Q59) -> #REF! | T59: 0.401 | U59: 0.40265091 | V59: 0.40430861 | W59: 0.40597313 | X59: 0.40764451 | Y59: 0.40932277 | Z59: 0.41100794 | AA59: 0.41270005 | AB59: 0.41439913 | AC59: 0.4161052 | AD59: 0.41781829 | AE59: 0.41953843 | AF59: 0.42126566 | AG59: 0.423
B60: Fungemia | D60: =D42*T60 -> #REF! | E60: =E42*U60 -> #REF! | F60: =F42*V60 -> #REF! | G60: =G42*W60 -> #REF! | H60: =H42*X60 -> #REF! | I60: =I42*Y60 -> #REF! | J60: =J42*Z60 -> #REF! | K60: =K42*AA60 -> #REF! | ... Q60: =Q42*AG60 -> #REF! | R60: =RATE(12,,-E60,Q60) -> #REF! | T60: 0.431 | U60: 0.43183635 | V60: 0.43267432 | W60: 0.43351391 | X60: 0.43435514 | Y60: 0.43519799 | Z60: 0.43604249 | AA60: 0.43688862 | AB60: 0.43773639 | AC60: 0.43858581 | AD60: 0.43943688 | AE60: 0.4402896 | AF60: 0.44114397 | AG60: 0.442
B61: Mycobacterial Infection | D61: =D42*T61 -> #REF! | E61: =E42*U61 -> #REF! | F61: =F42*V61 -> #REF! | G61: =G42*W61 -> #REF! | H61: =H42*X61 -> #REF! | I61: =I42*Y61 -> #REF! | J61: =J42*Z61 -> #REF! | K61: =K42*AA61 -> #REF! | ... Q61: =Q42*AG61 -> #REF! | R61: =RATE(12,,-E61,Q61) -> #REF! | T61: =1-SUM(T59:T60) -> 0.168 | U61: =1-SUM(U59:U60) -> 0.16551275 | V61: =1-SUM(V59:V60) -> 0.16301708 | W61: =1-SUM(W59:W60) -> 0.16051295 | X61: =1-SUM(X59:X60) -> 0.15800035 | Y61: =1-SUM(Y59:Y60) -> 0.15547923 | Z61: =1-SUM(Z59:Z60) -> 0.15294957 | AA61: =1-SUM(AA59:AA60) -> 0.15041133 | ... AG61: =1-SUM(AG59:AG60) -> 0.135
D62: 2023 | E62: 2024 | F62: 2025 | G62: 2026 | H62: 2027 | I62: 2028 | J62: 2029 | K62: 2030 | L62: 2031 | M62: 2032 | N62: 2033 | O62: 2034 | P62: 2035 | Q62: 2036 | R62: CAGR (2027-2036)
D63: ='Market Analysis '!C19 -> 280.8468 | E63: ='Market Analysis '!D19 -> 320.72705 | F63: ='Market Analysis '!E19 -> 366.27029 | G63: ='Market Analysis '!F19 -> 418.28067 | H63: ='Market Analysis '!G19 -> 477.67652 | I63: ='Market Analysis '!H19 -> 545.50659 | J63: ='Market Analysis '!I19 -> 622.96852 | K63: ='Market Analysis '!J19 -> 711.43005 | ... Q63: ='Market Analysis '!P19 -> 1578.0793 | R63: =RATE(9,,-H63,Q63) -> 0.142 | T63: 2023 | U63: 2024 | V63: 2025 | W63: 2026 | X63: 2027 | Y63: 2028 | Z63: 2029 | AA63: 2030 | AB63: 2031 | AC63: 2032 | AD63: 2033 | AE63: 2034 | AF63: 2035 | AG63: 2036
A64: Biomarker Type | B64: Circulating tumor cells | D64: =D63*T64 -> 160.08268 | E64: =E63*U64 -> 183.05915 | F64: =F63*V64 -> 209.33342 | G64: =G63*W64 -> 239.3788 | H64: =H63*X64 -> 273.73655 | I64: =I63*Y64 -> 313.02564 | J64: =J63*Z64 -> 357.95384 | K64: =K63*AA64 -> 409.33053 | ... Q64: =Q63*AG64 -> 915.28601 | R64: =RATE(9,,-H64,Q64) -> 0.14352882 | S64: Circulating tumor cells | T64: 0.57 | U64: 0.57076307 | V64: 0.57152716 | W64: 0.57229228 | X64: 0.57305842 | Y64: 0.57382559 | Z64: 0.57459378 | AA64: 0.575363 | AB64: 0.57613325 | AC64: 0.57690453 | AD64: 0.57767685 | AE64: 0.5784502 | AF64: 0.57922458 | AG64: 0.58
B65: Circulating tumor DNA | D65: =D63*T65 -> 39.318552 | E65: =E63*U65 -> 44.950807 | F65: =F63*V65 -> 51.389863 | G65: =G63*W65 -> 58.751294 | H65: =H63*X65 -> 67.167226 | I65: =I63*Y65 -> 76.788712 | J65: =J63*Z65 -> 87.788445 | K65: =K63*AA65 -> 100.36385 | ... Q65: =Q63*AG65 -> 224.08726 | R65: =RATE(9,,-H65,Q65) -> 0.14324675 | S65: Circulating tumor DNA | T65: 0.14 | U65: 0.14015284 | V65: 0.14030585 | W65: 0.14045902 | X65: 0.14061237 | Y65: 0.14076588 | Z65: 0.14091955 | AA65: 0.1410734 | AB65: 0.14122741 | AC65: 0.14138159 | AD65: 0.14153594 | AE65: 0.14169046 | AF65: 0.14184514 | AG65: 0.142
B66: Exosomes | D66: =D63*T66 -> 39.318552 | E66: =E63*U66 -> 44.926377 | F66: =F63*V66 -> 51.33402 | G66: =G63*W66 -> 58.655556 | H66: =H63*X66 -> 67.021328 | I66: =I63*Y66 -> 76.580273 | J66: =J63*Z66 -> 87.502566 | K66: =K63*AA66 -> 99.982656 | ... Q66: =Q63*AG66 -> 222.50919 | R66: =RATE(9,,-H66,Q66) -> 0.14262541 | S66: Exosomes | T66: 0.14 | U66: 0.14007667 | V66: 0.14015338 | W66: 0.14023014 | X66: 0.14030693 | Y66: 0.14038377 | Z66: 0.14046065 | AA66: 0.14053758 | AB66: 0.14061454 | AC66: 0.14069155 | AD66: 0.1407686 | AE66: 0.14084569 | AF66: 0.14092282 | AG66: 0.141
B67: Circulating RNA & proteins | D67: =D63*T67 -> 28.08468 | E67: =E63*U67 -> 32.193302 | F67: =F63*V67 -> 36.902992 | G67: =G63*W67 -> 42.301681 | H67: =H63*X67 -> 48.490167 | I67: =I63*Y67 -> 55.583991 | J67: =J63*Z67 -> 63.7156 | K67: =K63*AA67 -> 73.036816 | ... Q67: =Q63*AG67 -> 165.69833 | R67: =RATE(9,,-H67,Q67) -> 0.14629408 | S67: Circulating RNA & proteins | T67: 0.1 | U67: 0.10037601 | V67: 0.10075344 | W67: 0.10113229 | X67: 0.10151256 | Y67: 0.10189426 | Z67: 0.1022774 | AA67: 0.10266198 | AB67: 0.103048 | AC67: 0.10343548 | AD67: 0.10382441 | AE67: 0.1042148 | AF67: 0.10460666 | AG67: 0.105
B68: Nucleosomes | D68: =D63*T68 -> 14.04234 | E68: =E63*U68 -> 15.597406 | F68: =F63*V68 -> 17.309993 | G68: =G63*W68 -> 19.193339 | H68: =H63*X68 -> 21.261248 | I68: =I63*Y68 -> 23.527974 | J68: =J63*Z68 -> 26.008073 | K68: =K63*AA68 -> 28.716198 | ... Q68: =Q63*AG68 -> 50.498538 | R68: =RATE(9,,-H68,Q68) -> 0.10088851 | S68: Nucleosomes | T68: =1-SUM(T64:T67) -> 0.05 | U68: =1-SUM(U64:U67) -> 0.048631403 | V68: =1-SUM(V64:V67) -> 0.047260162 | W68: =1-SUM(W64:W67) -> 0.045886269 | X68: =1-SUM(X64:X67) -> 0.044509719 | Y68: =1-SUM(Y64:Y67) -> 0.043130503 | Z68: =1-SUM(Z64:Z67) -> 0.041748616 | AA68: =1-SUM(AA64:AA67) -> 0.040364049 | ... AG68: =1-SUM(AG64:AG67) -> 0.032
D69: =D63=SUM(D64:D68) -> TRUE | E69: =E63=SUM(E64:E68) -> TRUE | F69: =F63=SUM(F64:F68) -> TRUE | G69: =G63=SUM(G64:G68) -> TRUE | H69: =H63=SUM(H64:H68) -> TRUE | I69: =I63=SUM(I64:I68) -> TRUE | J69: =J63=SUM(J64:J68) -> TRUE | K69: =K63=SUM(K64:K68) -> TRUE | ... Q69: =Q63=SUM(Q64:Q68) -> TRUE
A70: Sample | B70: Blood | D70: =D63*T70 -> 132.27884 | E70: =E63*U70 -> 150.66137 | F70: =F63*V70 -> 171.59848 | G70: =G63*W70 -> 195.44518 | H70: =H63*X70 -> 222.60581 | I70: =I63*Y70 -> 253.54089 | J70: =J63*Z70 -> 288.77497 | K70: =K63*AA70 -> 328.90545 | ... Q70: =Q63*AG70 -> 718.02609 | R70: =RATE(9,,-H70,Q70) -> 0.13896801 | S70: Blood | T70: 0.471 | U70: 0.4697495 | V70: 0.46850233 | W70: 0.46725846 | X70: 0.4660179 | Y70: 0.46478063 | Z70: 0.46354664 | AA70: 0.46231594 | AB70: 0.46108849 | AC70: 0.45986431 | AD70: 0.45864338 | AE70: 0.45742569 | AF70: 0.45621123 | AG70: 0.455
B71: Urine | D71: =D63*T71 -> 140.4234 | E71: =E63*U71 -> 160.60799 | F71: =F63*V71 -> 183.69393 | G71: =G63*W71 -> 210.09826 | H71: =H63*X71 -> 240.29797 | I71: =I63*Y71 -> 274.83862 | J71: =J63*Z71 -> 314.34418 | K71: =K63*AA71 -> 359.52829 | ... Q71: =Q63*AG71 -> 804.82046 | R71: =RATE(9,,-H71,Q71) -> 0.14374091 | S71: Urine | T71: 0.5 | U71: 0.50076222 | V71: 0.5015256 | W71: 0.50229015 | X71: 0.50305586 | Y71: 0.50382274 | Z71: 0.50459078 | AA71: 0.50536 | AB71: 0.50613039 | AC71: 0.50690196 | AD71: 0.5076747 | AE71: 0.50844862 | AF71: 0.50922372 | AG71: 0.51
B72: Others (Serum) | D72: =D63*T72 -> 8.1445572 | E72: =E63*U72 -> 9.457688 | F72: =F63*V72 -> 10.977879 | G72: =G63*W72 -> 12.737229 | H72: =H63*X72 -> 14.772741 | I72: =I63*Y72 -> 17.127071 | J72: =J63*Z72 -> 19.84938 | K72: =K63*AA72 -> 22.996309 | ... Q72: =Q63*AG72 -> 55.232776 | R72: =RATE(9,,-H72,Q72) -> 0.15781004 | S72: Others (Serum) | T72: =1-SUM(T70:T71) -> 0.029 | U72: =1-SUM(U70:U71) -> 0.029488277 | V72: =1-SUM(V70:V71) -> 0.029972072 | W72: =1-SUM(W70:W71) -> 0.030451392 | X72: =1-SUM(X70:X71) -> 0.030926244 | Y72: =1-SUM(Y70:Y71) -> 0.031396635 | Z72: =1-SUM(Z70:Z71) -> 0.031862572 | AA72: =1-SUM(AA70:AA71) -> 0.032324062 | ... AG72: =1-SUM(AG70:AG71) -> 0.035
D73: =D63=SUM(D70:D72) -> TRUE | E73: =E63=SUM(E70:E72) -> TRUE | F73: =F63=SUM(F70:F72) -> TRUE | G73: =G63=SUM(G70:G72) -> TRUE | H73: =H63=SUM(H70:H72) -> TRUE | I73: =I63=SUM(I70:I72) -> TRUE | J73: =J63=SUM(J70:J72) -> TRUE | K73: =K63=SUM(K70:K72) -> TRUE | ... Q73: =Q63=SUM(Q70:Q72) -> TRUE
A74: Clinical Application | B74: Early disease screening | D74: =D63*T74 -> 157.27421 | E74: =E63*U74 -> 179.63182 | F74: =F63*V74 -> 205.16771 | G74: =G63*W74 -> 234.3337 | H74: =H63*X74 -> 267.64583 | I74: =I63*Y74 -> 305.6935 | J74: =J63*Z74 -> 349.1499 | K74: =K63*AA74 -> 398.78391 | ... Q74: =Q63*AG74 -> 885.3025 | R74: =RATE(9,,-H74,Q74) -> 0.1421567 | S74: Early disease screening | T74: 0.56 | U74: 0.56007692 | V74: 0.56015385 | W74: 0.56023077 | X74: 0.56030769 | Y74: 0.56038462 | Z74: 0.56046154 | AA74: 0.56053846 | AB74: 0.56061538 | AC74: 0.56069231 | AD74: 0.56076923 | AE74: 0.56084615 | AF74: 0.56092308 | AG74: 0.561
B75: Therapy selection | D75: =D63*T75 -> 70.2117 | E75: =E63*U75 -> 80.255775 | F75: =F63*V75 -> 91.736619 | G75: =G63*W75 -> 104.85975 | H75: =H63*X75 -> 119.86006 | I75: =I63*Y75 -> 137.00608 | J75: =J63*Z75 -> 156.6047 | K75: =K63*AA75 -> 179.00675 | ... Q75: =Q63*AG75 -> 399.25407 | R75: =RATE(9,,-H75,Q75) -> 0.14304643 | S75: Therapy selection | T75: 0.25 | U75: 0.25023077 | V75: 0.25046154 | W75: 0.25069231 | X75: 0.25092308 | Y75: 0.25115385 | Z75: 0.25138462 | AA75: 0.25161538 | AB75: 0.25184615 | AC75: 0.25207692 | AD75: 0.25230769 | AE75: 0.25253846 | AF75: 0.25276923 | AG75: 0.253
B76: Treatment response monitoring | D76: =D63*T76 -> 36.510084 | E76: =E63*U76 -> 41.743859 | F76: =F63*V76 -> 47.727836 | G76: =G63*W76 -> 54.569539 | H76: =H63*X76 -> 62.391903 | I76: =I63*Y76 -> 71.335477 | J76: =J63*Z76 -> 81.560956 | K76: =K63*AA76 -> 93.252062 | ... Q76: =Q63*AG76 -> 208.30647 | R76: =RATE(9,,-H76,Q76) -> 0.14333882 | S76: Treatment response monitoring | T76: 0.13 | U76: 0.13015385 | V76: 0.13030769 | W76: 0.13046154 | X76: 0.13061538 | Y76: 0.13076923 | Z76: 0.13092308 | AA76: 0.13107692 | AB76: 0.13123077 | AC76: 0.13138462 | AD76: 0.13153846 | AE76: 0.13169231 | AF76: 0.13184615 | AG76: 0.132
B77: Molecular health monitoring | D77: =D63*T77 -> 5.616936 | E77: =E63*U77 -> 6.4392122 | F77: =F63*V77 -> 7.381755 | G77: =G63*W77 -> 8.4621396 | H77: =H63*X77 -> 9.7005078 | I77: =I63*Y77 -> 11.119942 | J77: =J63*Z77 -> 12.746894 | K77: =K63*AA77 -> 14.611679 | ... Q77: =Q63*AG77 -> 33.139666 | R77: =RATE(9,,-H77,Q77) -> 0.14626159 | S77: Molecular health monitoring | T77: 0.02 | U77: 0.020076923 | V77: 0.020153846 | W77: 0.020230769 | X77: 0.020307692 | Y77: 0.020384615 | Z77: 0.020461538 | AA77: 0.020538462 | AB77: 0.020615385 | AC77: 0.020692308 | AD77: 0.020769231 | AE77: 0.020846154 | AF77: 0.020923077 | AG77: 0.021
B78: Others | D78: =D63*T78 -> 11.233872 | E78: =E63*U78 -> 12.656383 | F78: =F63*V78 -> 14.256367 | G78: =G63*W78 -> 16.055543 | H78: =H63*X78 -> 18.078219 | I78: =I63*Y78 -> 20.351592 | J78: =J63*Z78 -> 22.906073 | K78: =K63*AA78 -> 25.775658 | ... Q78: =Q63*AG78 -> 52.076618 | R78: =RATE(9,,-H78,Q78) -> 0.12474514 | S78: Others | T78: =1-SUM(T74:T77) -> 0.04 | U78: =1-SUM(U74:U77) -> 0.039461538 | V78: =1-SUM(V74:V77) -> 0.038923077 | W78: =1-SUM(W74:W77) -> 0.038384615 | X78: =1-SUM(X74:X77) -> 0.037846154 | Y78: =1-SUM(Y74:Y77) -> 0.037307692 | Z78: =1-SUM(Z74:Z77) -> 0.036769231 | AA78: =1-SUM(AA74:AA77) -> 0.036230769 | ... AG78: =1-SUM(AG74:AG77) -> 0.033
D79: =D63=SUM(D74:D78) -> TRUE | E79: =E63=SUM(E74:E78) -> TRUE | F79: =F63=SUM(F74:F78) -> TRUE | G79: =G63=SUM(G74:G78) -> TRUE | H79: =H63=SUM(H74:H78) -> TRUE | I79: =I63=SUM(I74:I78) -> TRUE | J79: =J63=SUM(J74:J78) -> TRUE | K79: =K63=SUM(K74:K78) -> TRUE | ... Q79: =Q63=SUM(Q74:Q78) -> TRUE
A80: Disease Indication | B80: Lung cancer | D80: =D63*T80 -> 70.2117 | E80: =E63*U80 -> 80.230923 | F80: =F63*V80 -> 91.67989 | G80: =G63*W80 -> 104.76263 | H80: =H63*X80 -> 119.71227 | I80: =I63*Y80 -> 136.79524 | J80: =J63*Z80 -> 156.31595 | K80: =K63*AA80 -> 178.62226 | ... Q80: =Q63*AG80 -> 397.67599 | R80: =RATE(9,,-H80,Q80) -> 0.14270019 | S80: Lung cancer | T80: 0.25 | U80: 0.25015328 | V80: 0.25030666 | W80: 0.25046013 | X80: 0.25061369 | Y80: 0.25076735 | Z80: 0.2509211 | AA80: 0.25107494 | AB80: 0.25122888 | AC80: 0.25138292 | AD80: 0.25153705 | AE80: 0.25169127 | AF80: 0.25184559 | AG80: 0.252
B81: Colorectal cancer | D81: =D63*T81 -> 56.16936 | E81: =E63*U81 -> 64.617423 | F81: =F63*V81 -> 74.336103 | G81: =G63*W81 -> 85.516505 | H81: =H63*X81 -> 98.378479 | I81: =I63*Y81 -> 113.17494 | J81: =J63*Z81 -> 130.19683 | K81: =K63*AA81 -> 149.77888 | ... Q81: =Q63*AG81 -> 347.17745 | R81: =RATE(9,,-H81,Q81) -> 0.1504034 | S81: Colorectal cancer | T81: 0.2 | U81: 0.2014717 | V81: 0.20295423 | W81: 0.20444766 | X81: 0.20595209 | Y81: 0.20746759 | Z81: 0.20899424 | AA81: 0.21053212 | AB81: 0.21208132 | AC81: 0.21364192 | AD81: 0.215214 | AE81: 0.21679765 | AF81: 0.21839296 | AG81: 0.22
B82: Breast cancer | D82: =D63*T82 -> 50.552424 | E82: =E63*U82 -> 57.77996 | F82: =F63*V82 -> 66.040824 | G82: =G63*W82 -> 75.482753 | H82: =H63*X82 -> 86.274605 | I82: =I63*Y82 -> 98.60938 | J82: =J63*Z82 -> 112.70767 | K82: =K63*AA82 -> 128.82161 | ... Q82: =Q63*AG82 -> 287.21044 | R82: =RATE(9,,-H82,Q82) -> 0.1429711 | S82: Breast cancer | T82: 0.18 | U82: 0.18015306 | V82: 0.18030626 | W82: 0.18045958 | X82: 0.18061303 | Y82: 0.18076662 | Z82: 0.18092033 | AA82: 0.18107418 | AB82: 0.18122815 | AC82: 0.18138226 | AD82: 0.1815365 | AE82: 0.18169087 | AF82: 0.18184537 | AG82: 0.182
B83: Prostate cancer | D83: =D63*T83 -> 28.08468 | E83: =E63*U83 -> 32.121597 | F83: =F63*V83 -> 36.738785 | G83: =G63*W83 -> 42.019652 | H83: =H63*X83 -> 48.059595 | I83: =I63*Y83 -> 54.967724 | J83: =J63*Z83 -> 62.868835 | K83: =K63*AA83 -> 71.905659 | ... Q83: =Q63*AG83 -> 160.96409 | R83: =RATE(9,,-H83,Q83) -> 0.14374091 | S83: Prostate cancer | T83: 0.1 | U83: 0.10015244 | V83: 0.10030512 | W83: 0.10045803 | X83: 0.10061117 | Y83: 0.10076455 | Z83: 0.10091816 | AA83: 0.101072 | AB83: 0.10122608 | AC83: 0.10138039 | AD83: 0.10153494 | AE83: 0.10168972 | AF83: 0.10184474 | AG83: 0.102
B84: Liver cancer | D84: =D63*T84 -> 36.510084 | E84: =E63*U84 -> 41.815735 | F84: =F63*V84 -> 47.892405 | G84: =G63*W84 -> 54.852136 | H84: =H63*X84 -> 62.823258 | I84: =I63*Y84 -> 71.952744 | J84: =J63*Z84 -> 82.408928 | K84: =K63*AA84 -> 94.384606 | ... Q84: =Q63*AG84 -> 213.04071 | R84: =RATE(9,,-H84,Q84) -> 0.14532016 | S84: Liver cancer | T84: 0.13 | U84: 0.13037795 | V84: 0.130757 | W84: 0.13113715 | X84: 0.13151841 | Y84: 0.13190078 | Z84: 0.13228426 | AA84: 0.13266885 | AB84: 0.13305456 | AC84: 0.13344139 | AD84: 0.13382935 | AE84: 0.13421843 | AF84: 0.13460865 | AG84: 0.135
B85: Head & neck cancer | D85: =D63*T85 -> 5.616936 | E85: =E63*U85 -> 6.4838752 | F85: =F63*V85 -> 7.484621 | G85: =G63*W85 -> 8.6398257 | H85: =H63*X85 -> 9.9733291 | I85: =I63*Y85 -> 11.51265 | J85: =J63*Z85 -> 13.289556 | K85: =K63*AA85 -> 15.340717 | ... Q85: =Q63*AG85 -> 36.295825 | R85: =RATE(9,,-H85,Q85) -> 0.15434378 | S85: Head & neck cancer | T85: 0.02 | U85: 0.020216178 | V85: 0.020434693 | W85: 0.02065557 | X85: 0.020878835 | Y85: 0.021104512 | Z85: 0.021332629 | AA85: 0.021563212 | AB85: 0.021796287 | AC85: 0.022031881 | AD85: 0.022270022 | AE85: 0.022510737 | AF85: 0.022754053 | AG85: 0.023
B86: Others cancers | D86: =D63*T86 -> 33.701616 | E86: =E63*U86 -> 37.677533 | F86: =F63*V86 -> 42.097658 | G86: =G63*W86 -> 47.007167 | H86: =H63*X86 -> 52.454982 | I86: =I63*Y86 -> 58.493914 | J86: =J63*Z86 -> 65.180756 | K86: =K63*AA86 -> 72.576323 | ... Q86: =Q63*AG86 -> 135.71482 | R86: =RATE(9,,-H86,Q86) -> 0.11140199 | S86: Others cancers | T86: =1-SUM(T80:T85) -> 0.12 | U86: =1-SUM(U80:U85) -> 0.11747538 | V86: =1-SUM(V80:V85) -> 0.11493605 | W86: =1-SUM(W80:W85) -> 0.11238188 | X86: =1-SUM(X80:X85) -> 0.10981277 | Y86: =1-SUM(Y80:Y85) -> 0.10722861 | Z86: =1-SUM(Z80:Z85) -> 0.10462929 | AA86: =1-SUM(AA80:AA85) -> 0.1020147 | ... AG86: =1-SUM(AG80:AG85) -> 0.086
D87: =D63=SUM(D80:D86) -> TRUE | E87: =E63=SUM(E80:E86) -> TRUE | F87: =F63=SUM(F80:F86) -> TRUE | G87: =G63=SUM(G80:G86) -> TRUE | H87: =H63=SUM(H80:H86) -> TRUE | I87: =I63=SUM(I80:I86) -> FALSE | J87: =J63=SUM(J80:J86) -> TRUE | K87: =K63=SUM(K80:K86) -> TRUE | ... Q87: =Q63=SUM(Q80:Q86) -> TRUE
A89: UK Liquid Biopsy Market 2027-36 (USD Million)
D91: 2023 | E91: 2024 | F91: 2025 | G91: 2026 | H91: 2027 | I91: 2028 | J91: 2029 | K91: 2030 | L91: 2031 | M91: 2032 | N91: 2033 | O91: 2034 | P91: 2035 | Q91: 2036 | R91: CAGR (2024-2036)
D92: =#REF! -> #REF! | E92: =#REF! -> #REF! | F92: =#REF! -> #REF! | G92: =#REF! -> #REF! | H92: =#REF! -> #REF! | I92: =#REF! -> #REF! | J92: =#REF! -> #REF! | K92: =#REF! -> #REF! | ... Q92: =#REF! -> #REF! | R92: =RATE(12,,-E92,Q92) -> #REF! | T92: 2023 | U92: 2024 | V92: 2025 | W92: 2026 | X92: 2027 | Y92: 2028 | Z92: 2029 | AA92: 2030 | AB92: 2031 | AC92: 2032 | AD92: 2033 | AE92: 2034 | AF92: 2035 | AG92: 2036
A93: Test Type | B93: Phenotypic AST | D93: =D92*T93 -> #REF! | E93: =E92*U93 -> #REF! | F93: =F92*V93 -> #REF! | G93: =G92*W93 -> #REF! | H93: =H92*X93 -> #REF! | I93: =I92*Y93 -> #REF! | J93: =J92*Z93 -> #REF! | K93: =K92*AA93 -> #REF! | ... Q93: =Q92*AG93 -> #REF! | R93: =RATE(12,,-E93,Q93) -> #REF! | T93: 0.56 | U93: 0.56092161 | V93: 0.56184474 | W93: 0.56276939 | X93: 0.56369557 | Y93: 0.56462326 | Z93: 0.56555248 | AA93: 0.56648323 | AB93: 0.56741552 | AC93: 0.56834934 | AD93: 0.56928469 | AE93: 0.57022158 | AF93: 0.57116002 | AG93: 0.5721
B94: Genotypic AST | D94: =D92*T94 -> #REF! | E94: =E92*U94 -> #REF! | F94: =F92*V94 -> #REF! | G94: =G92*W94 -> #REF! | H94: =H92*X94 -> #REF! | I94: =I92*Y94 -> #REF! | J94: =J92*Z94 -> #REF! | K94: =K92*AA94 -> #REF! | ... Q94: =Q92*AG94 -> #REF! | R94: =RATE(12,,-E94,Q94) -> #REF! | T94: =1-T93 -> 0.44 | U94: =1-U93 -> 0.43907839 | V94: =1-V93 -> 0.43815526 | W94: =1-W93 -> 0.43723061 | X94: =1-X93 -> 0.43630443 | Y94: =1-Y93 -> 0.43537674 | Z94: =1-Z93 -> 0.43444752 | AA94: =1-AA93 -> 0.43351677 | ... AG94: =1-AG93 -> 0.4279
A96: Product | B96: Instruments | D96: =D92*T96 -> #REF! | E96: =E92*U96 -> #REF! | F96: =F92*V96 -> #REF! | G96: =G92*W96 -> #REF! | H96: =H92*X96 -> #REF! | I96: =I92*Y96 -> #REF! | J96: =J92*Z96 -> #REF! | K96: =K92*AA96 -> #REF! | ... Q96: =Q92*AG96 -> #REF! | R96: =RATE(12,,-E96,Q96) -> #REF! | T96: 0.471 | U96: 0.47038462 | V96: 0.46976923 | W96: 0.46915385 | X96: 0.46853846 | Y96: 0.46792308 | Z96: 0.46730769 | AA96: 0.46669231 | AB96: 0.46607692 | AC96: 0.46546154 | AD96: 0.46484615 | AE96: 0.46423077 | AF96: 0.46361538 | AG96: 0.463
B97: Consumables | D97: =D92*T97 -> #REF! | E97: =E92*U97 -> #REF! | F97: =F92*V97 -> #REF! | G97: =G92*W97 -> #REF! | H97: =H92*X97 -> #REF! | I97: =I92*Y97 -> #REF! | J97: =J92*Z97 -> #REF! | K97: =K92*AA97 -> #REF! | ... Q97: =Q92*AG97 -> #REF! | R97: =RATE(12,,-E97,Q97) -> #REF! | T97: =1-T96 -> 0.529 | U97: =1-U96 -> 0.52961538 | V97: =1-V96 -> 0.53023077 | W97: =1-W96 -> 0.53084615 | X97: =1-X96 -> 0.53146154 | Y97: =1-Y96 -> 0.53207692 | Z97: =1-Z96 -> 0.53269231 | AA97: =1-AA96 -> 0.53330769 | ... AG97: =1-AG96 -> 0.537
A99: Method | B99: Conventional | D99: =D92*T99 -> #REF! | E99: =E92*U99 -> #REF! | F99: =F92*V99 -> #REF! | G99: =G92*W99 -> #REF! | H99: =H92*X99 -> #REF! | I99: =I92*Y99 -> #REF! | J99: =J92*Z99 -> #REF! | K99: =K92*AA99 -> #REF! | ... Q99: =Q92*AG99 -> #REF! | R99: =RATE(12,,-E99,Q99) -> #REF! | T99: 0.401 | U99: 0.40265091 | V99: 0.40430861 | W99: 0.40597313 | X99: 0.40764451 | Y99: 0.40932277 | Z99: 0.41100794 | AA99: 0.41270005 | AB99: 0.41439913 | AC99: 0.4161052 | AD99: 0.41781829 | AE99: 0.41953843 | AF99: 0.42126566 | AG99: 0.423
B100: Automated | D100: =D92*T100 -> #REF! | E100: =E92*U100 -> #REF! | F100: =F92*V100 -> #REF! | G100: =G92*W100 -> #REF! | H100: =H92*X100 -> #REF! | I100: =I92*Y100 -> #REF! | J100: =J92*Z100 -> #REF! | K100: =K92*AA100 -> #REF! | ... Q100: =Q92*AG100 -> #REF! | R100: =RATE(12,,-E100,Q100) -> #REF! | T100: =1-T99 -> 0.599 | U100: =1-U99 -> 0.59734909 | V100: =1-V99 -> 0.59569139 | W100: =1-W99 -> 0.59402687 | X100: =1-X99 -> 0.59235549 | Y100: =1-Y99 -> 0.59067723 | Z100: =1-Z99 -> 0.58899206 | AA100: =1-AA99 -> 0.58729995 | ... AG100: =1-AG99 -> 0.577
A102: Technology | B102: Culture-Based | D102: =D92*T102 -> #REF! | E102: =E92*U102 -> #REF! | F102: =F92*V102 -> #REF! | G102: =G92*W102 -> #REF! | H102: =H92*X102 -> #REF! | I102: =I92*Y102 -> #REF! | J102: =J92*Z102 -> #REF! | K102: =K92*AA102 -> #REF! | ... Q102: =Q92*AG102 -> #REF! | R102: =RATE(12,,-E102,Q102) -> #REF! | T102: 0.25 | U102: 0.25155594 | V102: 0.25312155 | W102: 0.25469692 | X102: 0.25628209 | Y102: 0.25787712 | Z102: 0.25948208 | AA102: 0.26109703 | AB102: 0.26272203 | AC102: 0.26435714 | AD102: 0.26600243 | AE102: 0.26765796 | AF102: 0.2693238 | AG102: 0.271
B103: Molecular Technology | D103: =D92*T103 -> #REF! | E103: =E92*U103 -> #REF! | F103: =F92*V103 -> #REF! | G103: =G92*W103 -> #REF! | H103: =H92*X103 -> #REF! | I103: =I92*Y103 -> #REF! | J103: =J92*Z103 -> #REF! | K103: =K92*AA103 -> #REF! | ... Q103: =Q92*AG103 -> #REF! | R103: =RATE(12,,-E103,Q103) -> #REF! | T103: 0.38 | U103: 0.38090989 | V103: 0.38182196 | W103: 0.38273621 | X103: 0.38365265 | Y103: 0.38457129 | Z103: 0.38549212 | AA103: 0.38641516 | AB103: 0.38734041 | AC103: 0.38826788 | AD103: 0.38919756 | AE103: 0.39012948 | AF103: 0.39106362 | AG103: 0.392
B104: PCR | D104: =D103*T104 -> #REF! | E104: =E103*U104 -> #REF! | F104: =F103*V104 -> #REF! | G104: =G103*W104 -> #REF! | H104: =H103*X104 -> #REF! | I104: =I103*Y104 -> #REF! | J104: =J103*Z104 -> #REF! | K104: =K103*AA104 -> #REF! | ... Q104: =Q103*AG104 -> #REF! | R104: =RATE(12,,-E104,Q104) -> #REF! | T104: 0.35 | U104: 0.34938588 | V104: 0.34877285 | W104: 0.34816088 | X104: 0.34754999 | Y104: 0.34694018 | Z104: 0.34633143 | AA104: 0.34572375 | AB104: 0.34511714 | AC104: 0.34451159 | AD104: 0.3439071 | AE104: 0.34330368 | AF104: 0.34270131 | AG104: 0.3421
B105: Microarray | D105: =D103*T105 -> #REF! | E105: =E103*U105 -> #REF! | F105: =F103*V105 -> #REF! | G105: =G103*W105 -> #REF! | H105: =H103*X105 -> #REF! | I105: =I103*Y105 -> #REF! | J105: =J103*Z105 -> #REF! | K105: =K103*AA105 -> #REF! | ... Q105: =Q103*AG105 -> #REF! | R105: =RATE(12,,-E105,Q105) -> #REF! | T105: 0.28 | U105: 0.28097919 | V105: 0.2819618 | W105: 0.28294785 | X105: 0.28393735 | Y105: 0.2849303 | Z105: 0.28592673 | AA105: 0.28692665 | AB105: 0.28793006 | AC105: 0.28893698 | AD105: 0.28994742 | AE105: 0.2909614 | AF105: 0.29197892 | AG105: 0.293
B106: PNA-FISH | D106: =D103*T106 -> #REF! | E106: =E103*U106 -> #REF! | F106: =F103*V106 -> #REF! | G106: =G103*W106 -> #REF! | H106: =H103*X106 -> #REF! | I106: =I103*Y106 -> #REF! | J106: =J103*Z106 -> #REF! | K106: =K103*AA106 -> #REF! | ... Q106: =Q103*AG106 -> #REF! | R106: =RATE(12,,-E106,Q106) -> #REF! | T106: =1-SUM(T104:T105) -> 0.37 | U106: =1-SUM(U104:U105) -> 0.36963493 | V106: =1-SUM(V104:V105) -> 0.36926535 | W106: =1-SUM(W104:W105) -> 0.36889127 | X106: =1-SUM(X104:X105) -> 0.36851266 | Y106: =1-SUM(Y104:Y105) -> 0.36812952 | Z106: =1-SUM(Z104:Z105) -> 0.36774184 | AA106: =1-SUM(AA104:AA105) -> 0.3673496 | ... AG106: =1-SUM(AG104:AG105) -> 0.3649
B107: Proteomic Technologies | D107: =D92*T107 -> #REF! | E107: =E92*U107 -> #REF! | F107: =F92*V107 -> #REF! | G107: =G92*W107 -> #REF! | H107: =H92*X107 -> #REF! | I107: =I92*Y107 -> #REF! | J107: =J92*Z107 -> #REF! | K107: =K92*AA107 -> #REF! | ... Q107: =Q92*AG107 -> #REF! | R107: =RATE(12,,-E107,Q107) -> #REF! | T107: =1-SUM(T102+T103) -> 0.37 | U107: =1-SUM(U102+U103) -> 0.36753418 | V107: =1-SUM(V102+V103) -> 0.36505649 | W107: =1-SUM(W102+W103) -> 0.36256687 | X107: =1-SUM(X102+X103) -> 0.36006526 | Y107: =1-SUM(Y102+Y103) -> 0.3575516 | Z107: =1-SUM(Z102+Z103) -> 0.3550258 | AA107: =1-SUM(AA102+AA103) -> 0.35248781 | ... AG107: =1-SUM(AG102+AG103) -> 0.337
A109: Application | B109: Bacteremia | D109: =D92*T109 -> #REF! | E109: =E92*U109 -> #REF! | F109: =F92*V109 -> #REF! | G109: =G92*W109 -> #REF! | H109: =H92*X109 -> #REF! | I109: =I92*Y109 -> #REF! | J109: =J92*Z109 -> #REF! | K109: =K92*AA109 -> #REF! | ... Q109: =Q92*AG109 -> #REF! | R109: =RATE(12,,-E109,Q109) -> #REF! | T109: 0.401 | U109: 0.40265091 | V109: 0.40430861 | W109: 0.40597313 | X109: 0.40764451 | Y109: 0.40932277 | Z109: 0.41100794 | AA109: 0.41270005 | AB109: 0.41439913 | AC109: 0.4161052 | AD109: 0.41781829 | AE109: 0.41953843 | AF109: 0.42126566 | AG109: 0.423
B110: Fungemia | D110: =D92*T110 -> #REF! | E110: =E92*U110 -> #REF! | F110: =F92*V110 -> #REF! | G110: =G92*W110 -> #REF! | H110: =H92*X110 -> #REF! | I110: =I92*Y110 -> #REF! | J110: =J92*Z110 -> #REF! | K110: =K92*AA110 -> #REF! | ... Q110: =Q92*AG110 -> #REF! | R110: =RATE(12,,-E110,Q110) -> #REF! | T110: 0.431 | U110: 0.43183635 | V110: 0.43267432 | W110: 0.43351391 | X110: 0.43435514 | Y110: 0.43519799 | Z110: 0.43604249 | AA110: 0.43688862 | AB110: 0.43773639 | AC110: 0.43858581 | AD110: 0.43943688 | AE110: 0.4402896 | AF110: 0.44114397 | AG110: 0.442
B111: Mycobacterial Infection | D111: =D92*T111 -> #REF! | E111: =E92*U111 -> #REF! | F111: =F92*V111 -> #REF! | G111: =G92*W111 -> #REF! | H111: =H92*X111 -> #REF! | I111: =I92*Y111 -> #REF! | J111: =J92*Z111 -> #REF! | K111: =K92*AA111 -> #REF! | ... Q111: =Q92*AG111 -> #REF! | R111: =RATE(12,,-E111,Q111) -> #REF! | T111: =1-SUM(T109:T110) -> 0.168 | U111: =1-SUM(U109:U110) -> 0.16551275 | V111: =1-SUM(V109:V110) -> 0.16301708 | W111: =1-SUM(W109:W110) -> 0.16051295 | X111: =1-SUM(X109:X110) -> 0.15800035 | Y111: =1-SUM(Y109:Y110) -> 0.15547923 | Z111: =1-SUM(Z109:Z110) -> 0.15294957 | AA111: =1-SUM(AA109:AA110) -> 0.15041133 | ... AG111: =1-SUM(AG109:AG110) -> 0.135
D112: 2023 | E112: 2024 | F112: 2025 | G112: 2026 | H112: 2027 | I112: 2028 | J112: 2029 | K112: 2030 | L112: 2031 | M112: 2032 | N112: 2033 | O112: 2034 | P112: 2035 | Q112: 2036 | R112: CAGR (2027-2036)
D113: ='Market Analysis '!C21 -> 175.52925 | E113: ='Market Analysis '!D21 -> 198.34805 | F113: ='Market Analysis '!E21 -> 224.38123 | G113: ='Market Analysis '!F21 -> 254.11175 | H113: ='Market Analysis '!G21 -> 288.09919 | I113: ='Market Analysis '!H21 -> 326.99259 | J113: ='Market Analysis '!I21 -> 371.54533 | K113: ='Market Analysis '!J21 -> 422.63281 | ... Q113: ='Market Analysis '!P21 -> 936.84996 | R113: =RATE(9,,-H113,Q113) -> 0.13999543 | T113: 2023 | U113: 2024 | V113: 2025 | W113: 2026 | X113: 2027 | Y113: 2028 | Z113: 2029 | AA113: 2030 | AB113: 2031 | AC113: 2032 | AD113: 2033 | AE113: 2034 | AF113: 2035 | AG113: 2036
A114: Biomarker Type | B114: Circulating tumor cells | D114: =D113*T114 -> 61.435237 | E114: =E113*U114 -> 70.138569 | F114: =F113*V114 -> 80.163453 | G114: =G113*W114 -> 91.722429 | H114: =H113*X114 -> 105.06396 | I114: =I113*Y114 -> 120.47878 | J114: =J113*Z114 -> 138.30738 | K114: =K113*AA114 -> 158.94896 | ... Q114: =Q113*AG114 -> 374.73998 | R114: =RATE(9,,-H114,Q114) -> 0.15176541 | S114: Circulating tumor cells | T114: 0.35 | U114: 0.3536136 | V114: 0.35726451 | W114: 0.36095312 | X114: 0.36467981 | Y114: 0.36844498 | Z114: 0.37224902 | AA114: 0.37609233 | AB114: 0.37997533 | AC114: 0.38389841 | AD114: 0.387862 | AE114: 0.39186651 | AF114: 0.39591237 | AG114: 0.4
B115: Circulating tumor DNA | D115: =D113*T115 -> 52.658775 | E115: =E113*U115 -> 59.534837 | F115: =F113*V115 -> 67.383217 | G115: =G113*W115 -> 76.350507 | H115: =H113*X115 -> 86.606642 | I115: =I113*Y115 -> 98.348794 | J115: =J113*Z115 -> 111.80595 | K115: =K113*AA115 -> 127.24429 | ... Q115: =Q113*AG115 -> 282.92869 | R115: =RATE(9,,-H115,Q115) -> 0.14057825 | S115: Circulating tumor DNA | T115: 0.3 | U115: 0.30015337 | V115: 0.30030683 | W115: 0.30046036 | X115: 0.30061397 | Y115: 0.30076766 | Z115: 0.30092143 | AA115: 0.30107527 | AB115: 0.3012292 | AC115: 0.3013832 | AD115: 0.30153728 | AE115: 0.30169144 | AF115: 0.30184568 | AG115: 0.302
B116: Exosomes | D116: =D113*T116 -> 26.329387 | E116: =E113*U116 -> 29.797563 | F116: =F113*V116 -> 33.75988 | G116: =G113*W116 -> 38.291348 | H116: =H113*X116 -> 43.478996 | I116: =I113*Y116 -> 49.42389 | J116: =J113*Z116 -> 56.243504 | K116: =K113*AA116 -> 64.074515 | ... Q116: =Q113*AG116 -> 143.33804 | R116: =RATE(9,,-H116,Q116) -> 0.14173329 | S116: Exosomes | T116: 0.15 | U116: 0.15022867 | V116: 0.15045768 | W116: 0.15068704 | X116: 0.15091676 | Y116: 0.15114682 | Z116: 0.15137724 | AA116: 0.151608 | AB116: 0.15183912 | AC116: 0.15207059 | AD116: 0.15230241 | AE116: 0.15253459 | AF116: 0.15276712 | AG116: 0.153
B117: Circulating RNA & proteins | D117: =D113*T117 -> 21.06351 | E117: =E113*U117 -> 23.832049 | F117: =F113*V117 -> 26.994307 | G117: =G113*W117 -> 30.609948 | H117: =H113*X117 -> 34.748182 | I117: =I113*Y117 -> 39.489365 | J117: =J113*Z117 -> 44.926878 | K117: =K113*AA117 -> 51.169343 | ... Q117: =Q113*AG117 -> 114.29569 | R117: =RATE(9,,-H117,Q117) -> 0.14144584 | S117: Circulating RNA & proteins | T117: 0.12 | U117: 0.12015268 | V117: 0.12030554 | W117: 0.12045861 | X117: 0.12061187 | Y117: 0.12076532 | Z117: 0.12091897 | AA117: 0.12107281 | AB117: 0.12122685 | AC117: 0.12138109 | AD117: 0.12153552 | AE117: 0.12169015 | AF117: 0.12184498 | AG117: 0.122
B118: Nucleosomes | D118: =D113*T118 -> 14.04234 | E118: =E113*U118 -> 15.045033 | F118: =F113*V118 -> 16.080378 | G118: =G113*W118 -> 17.137516 | H118: =H113*X118 -> 18.201414 | I118: =I113*Y118 -> 19.251761 | J118: =J113*Z118 -> 20.261612 | K118: =K113*AA118 -> 21.195704 | ... Q118: =Q113*AG118 -> 21.547549 | R118: =RATE(9,,-H118,Q118) -> 0.018928332 | S118: Nucleosomes | T118: =1-SUM(T114:T117) -> 0.08 | U118: =1-SUM(U114:U117) -> 0.075851681 | V118: =1-SUM(V114:V117) -> 0.071665432 | W118: =1-SUM(W114:W117) -> 0.067440866 | X118: =1-SUM(X114:X117) -> 0.063177595 | Y118: =1-SUM(Y114:Y117) -> 0.058875223 | Z118: =1-SUM(Z114:Z117) -> 0.054533353 | AA118: =1-SUM(AA114:AA117) -> 0.050151583 | ... AG118: =1-SUM(AG114:AG117) -> 0.023
D119: =D113=SUM(D114:D118) -> TRUE | E119: =E113=SUM(E114:E118) -> TRUE | F119: =F113=SUM(F114:F118) -> TRUE | G119: =G113=SUM(G114:G118) -> TRUE | H119: =H113=SUM(H114:H118) -> TRUE | I119: =I113=SUM(I114:I118) -> TRUE | J119: =J113=SUM(J114:J118) -> TRUE | K119: =K113=SUM(K114:K118) -> TRUE | ... Q119: =Q113=SUM(Q114:Q118) -> TRUE
A120: Sample | B120: Blood | D120: =D113*T120 -> 122.87047 | E120: =E113*U120 -> 138.91967 | F120: =F113*V120 -> 157.23895 | G120: =G113*W120 -> 178.17063 | H120: =H113*X120 -> 202.11157 | I120: =I113*Y120 -> 229.52226 | J120: =J113*Z120 -> 260.9375 | K120: =K113*AA120 -> 296.97895 | ... Q120: =Q113*AG120 -> 660.47922 | R120: =RATE(9,,-H120,Q120) -> 0.14061975 | S120: Blood | T120: 0.7 | U120: 0.70038335 | V120: 0.70076692 | W120: 0.70115069 | X120: 0.70153467 | Y120: 0.70191887 | Z120: 0.70230327 | AA120: 0.70268789 | AB120: 0.70307271 | AC120: 0.70345775 | AD120: 0.70384299 | AE120: 0.70422845 | AF120: 0.70461412 | AG120: 0.705
B121: Urine | D121: =D113*T121 -> 35.10585 | E121: =E113*U121 -> 39.699986 | F121: =F113*V121 -> 44.944997 | G121: =G113*W121 -> 50.939183 | H121: =H113*X121 -> 57.79652 | I121: =I113*Y121 -> 65.64928 | J121: =J113*Z121 -> 74.651111 | K121: =K113*AA121 -> 84.980659 | ... Q121: =Q113*AG121 -> 189.24369 | R121: =RATE(9,,-H121,Q121) -> 0.14086833 | S121: Urine | T121: 0.2 | U121: 0.20015314 | V121: 0.2003064 | W121: 0.20045977 | X121: 0.20061327 | Y121: 0.20076688 | Z121: 0.2009206 | AA121: 0.20107445 | AB121: 0.20122841 | AC121: 0.20138249 | AD121: 0.20153669 | AE121: 0.20169101 | AF121: 0.20184545 | AG121: 0.202
B122: Others (Serum) | D122: =D113*T122 -> 17.552925 | E122: =E113*U122 -> 19.728393 | F122: =F113*V122 -> 22.197292 | G122: =G113*W122 -> 25.001937 | H122: =H113*X122 -> 28.1911 | I122: =I113*Y122 -> 31.82104 | J122: =J113*Z122 -> 35.956717 | K122: =K113*AA122 -> 40.673194 | ... Q122: =Q113*AG122 -> 87.127046 | R122: =RATE(9,,-H122,Q122) -> 0.1335717 | S122: Others (Serum) | T122: =1-SUM(T120:T121) -> 0.1 | U122: =1-SUM(U120:U121) -> 0.099463506 | V122: =1-SUM(V120:V121) -> 0.098926685 | W122: =1-SUM(W120:W121) -> 0.098389537 | X122: =1-SUM(X120:X121) -> 0.097852061 | Y122: =1-SUM(Y120:Y121) -> 0.097314257 | Z122: =1-SUM(Z120:Z121) -> 0.096776125 | AA122: =1-SUM(AA120:AA121) -> 0.096237665 | ... AG122: =1-SUM(AG120:AG121) -> 0.093
...

Sheet MEA
A2: MEA Liquid Biopsy Market, 2027-36 (USD Million)
D13: 2023 | E13: 2024 | F13: 2025 | G13: 2026 | H13: 2027 | I13: 2028 | J13: 2029 | K13: 2030 | L13: 2031 | M13: 2032 | N13: 2033 | O13: 2034 | P13: 2035 | Q13: 2036 | R13: CAGR (2027-2036)
D14: =SUM(D63+D113+D163+D212) -> 390.065 | E14: =SUM(E63+E113+E163+E212) -> 415.08377 | F14: =SUM(F63+F113+F163+F212) -> 442.08441 | G14: =SUM(G63+G113+G163+G212) -> 471.25408 | H14: =SUM(H63+H113+H163+H212) -> 502.80098 | I14: =SUM(I63+I113+I163+I212) -> 536.95723 | J14: =SUM(J63+J113+J163+J212) -> 573.9821 | K14: =SUM(K63+K113+K163+K212) -> 614.16582 | ... Q14: =SUM(Q63+Q113+Q163+Q212) -> 943.03895 | R14: =RATE(9,,-H14,Q14) -> 0.072378674 | T14: 2023 | U14: 2024 | V14: 2025 | W14: 2026 | X14: 2027 | Y14: 2028 | Z14: 2029 | AA14: 2030 | AB14: 2031 | AC14: 2032 | AD14: 2033 | AE14: 2034 | AF14: 2035 | AG14: 2036
A15: Biomarker Type | B15: Circulating tumor cells | D15: =D14*T15 -> 117.0195 | E15: =E14*U15 -> 126.01051 | F15: =F14*V15 -> 135.80819 | G15: =G14*W15 -> 146.49596 | H15: =H14*X15 -> 158.16718 | I15: =I14*Y15 -> 170.92662 | J15: =J14*Z15 -> 184.892 | K15: =K14*AA15 -> 200.19589 | ... Q15: =Q14*AG15 -> 330.06363 | R15: =RATE(9,,-H15,Q15) -> 0.085170357 | S15: Circulating tumor cells | T15: 0.3 | U15: 0.3035785 | V15: 0.30719968 | W15: 0.31086406 | X15: 0.31457215 | Y15: 0.31832447 | Z15: 0.32212154 | AA15: 0.32596392 | AB15: 0.32985212 | AC15: 0.3337867 | AD15: 0.33776822 | AE15: 0.34179723 | AF15: 0.3458743 | AG15: 0.35
B16: Circulating tumor DNA | D16: =D14*T16 -> 78.013 | E16: =E14*U16 -> 83.328909 | F16: =F14*V16 -> 89.083053 | G16: =G14*W16 -> 95.318007 | H16: =H14*X16 -> 102.08123 | I16: =I14*Y16 -> 109.42572 | J16: =J14*Z16 -> 117.41079 | K16: =K14*AA16 -> 126.10295 | ... Q16: =Q14*AG16 -> 198.03818 | R16: =RATE(9,,-H16,Q16) -> 0.076410969 | S16: Circulating tumor DNA | T16: 0.2 | U16: 0.20075203 | V16: 0.20150688 | W16: 0.20226458 | X16: 0.20302512 | Y16: 0.20378853 | Z16: 0.2045548 | AA16: 0.20532395 | AB16: 0.206096 | AC16: 0.20687095 | AD16: 0.20764881 | AE16: 0.2084296 | AF16: 0.20921333 | AG16: 0.21
B17: Exosomes | D17: =D14*T17 -> 39.0065 | E17: =E14*U17 -> 42.094622 | F17: =F14*V17 -> 45.46602 | G17: =G14*W17 -> 49.150475 | H17: =H14*X17 -> 53.181377 | I17: =I14*Y17 -> 57.596225 | J17: =J14*Z17 -> 62.437218 | K17: =K14*AA17 -> 67.751934 | ... Q17: =Q14*AG17 -> 113.16467 | R17: =RATE(9,,-H17,Q17) -> 0.08752446 | S17: Exosomes | T17: 0.1 | U17: 0.10141235 | V17: 0.10284466 | W17: 0.10429719 | X17: 0.10577023 | Y17: 0.10726408 | Z17: 0.10877903 | AA17: 0.11031538 | AB17: 0.11187342 | AC17: 0.11345347 | AD17: 0.11505584 | AE17: 0.11668083 | AF17: 0.11832878 | AG17: 0.12
B18: Circulating RNA & proteins | D18: =D14*T18 -> 27.30455 | E18: =E14*U18 -> 29.210477 | F18: =F14*V18 -> 31.276127 | G18: =G14*W18 -> 33.517202 | H18: =H14*X18 -> 35.951218 | I18: =I14*Y18 -> 38.597756 | J18: =J14*Z18 -> 41.478742 | K18: =K14*AA18 -> 44.618783 | ... Q18: =Q14*AG18 -> 70.727922 | R18: =RATE(9,,-H18,Q18) -> 0.078085071 | S18: Circulating RNA & proteins | T18: 0.07 | U18: 0.070372488 | V18: 0.070746957 | W18: 0.07112342 | X18: 0.071501885 | Y18: 0.071882365 | Z18: 0.072264869 | AA18: 0.072649409 | AB18: 0.073035994 | AC18: 0.073424637 | AD18: 0.073815348 | AE18: 0.074208138 | AF18: 0.074603019 | AG18: 0.075
B19: Nucleosomes | D19: =D14*T19 -> 128.72145 | E19: =E14*U19 -> 134.43925 | F19: =F14*V19 -> 140.45102 | G19: =G14*W19 -> 146.77244 | H19: =H14*X19 -> 153.41997 | I19: =I14*Y19 -> 160.4109 | J19: =J14*Z19 -> 167.76335 | K19: =K14*AA19 -> 175.49625 | ... Q19: =Q14*AG19 -> 231.04454 | R19: =RATE(9,,-H19,Q19) -> 0.046543034 | S19: Nucleosomes | T19: =1-SUM(T15:T18) -> 0.33 | U19: =1-SUM(U15:U18) -> 0.32388463 | V19: =1-SUM(V15:V18) -> 0.31770182 | W19: =1-SUM(W15:W18) -> 0.31145076 | X19: =1-SUM(X15:X18) -> 0.30513061 | Y19: =1-SUM(Y15:Y18) -> 0.29874056 | Z19: =1-SUM(Z15:Z18) -> 0.29227976 | AA19: =1-SUM(AA15:AA18) -> 0.28574734 | ... AG19: =1-SUM(AG15:AG18) -> 0.245
D20: =D14=SUM(D15:D19) -> TRUE | E20: =E14=SUM(E15:E19) -> TRUE | F20: =F14=SUM(F15:F19) -> TRUE | G20: =G14=SUM(G15:G19) -> TRUE | H20: =H14=SUM(H15:H19) -> TRUE | I20: =I14=SUM(I15:I19) -> TRUE | J20: =J14=SUM(J15:J19) -> TRUE | K20: =K14=SUM(K15:K19) -> TRUE | ... Q20: =Q14=SUM(Q15:Q19) -> TRUE
A21: Sample | B21: Blood | D21: =D14*T21 -> 273.0455 | E21: =E14*U21 -> 290.59057 | F21: =F14*V21 -> 309.5271 | G21: =G14*W21 -> 329.98661 | H21: =H14*X21 -> 352.11539 | I21: =I14*Y21 -> 376.07658 | J21: =J14*Z21 -> 402.05239 | K21: =K14*AA21 -> 430.24678 | ... Q21: =Q14*AG21 -> 661.07031 | R21: =RATE(9,,-H21,Q21) -> 0.072496414 | S21: Blood | T21: 0.7 | U21: 0.70007692 | V21: 0.70015385 | W21: 0.70023077 | X21: 0.70030769 | Y21: 0.70038462 | Z21: 0.70046154 | AA21: 0.70053846 | AB21: 0.70061538 | AC21: 0.70069231 | AD21: 0.70076923 | AE21: 0.70084615 | AF21: 0.70092308 | AG21: 0.701
B22: Urine | D22: =D14*T22 -> 78.013 | E22: =E14*U22 -> 83.048683 | F22: =F14*V22 -> 88.484896 | G22: =G14*W22 -> 94.359566 | H22: =H14*X22 -> 100.7149 | I22: =I14*Y22 -> 107.59797 | J22: =J14*Z22 -> 115.06134 | K22: =K14*AA22 -> 123.16387 | ... Q22: =Q14*AG22 -> 189.55083 | R22: =RATE(9,,-H22,Q22) -> 0.072789862 | S22: Urine | T22: 0.2 | U22: 0.20007692 | V22: 0.20015385 | W22: 0.20023077 | X22: 0.20030769 | Y22: 0.20038462 | Z22: 0.20046154 | AA22: 0.20053846 | AB22: 0.20061538 | AC22: 0.20069231 | AD22: 0.20076923 | AE22: 0.20084615 | AF22: 0.20092308 | AG22: 0.201
B23: Others (Serum) | D23: =D14*T23 -> 39.0065 | E23: =E14*U23 -> 41.444518 | F23: =F14*V23 -> 44.072415 | G23: =G14*W23 -> 46.907906 | H23: =H14*X23 -> 49.970682 | I23: =I14*Y23 -> 53.282679 | J23: =J14*Z23 -> 56.868381 | K23: =K14*AA23 -> 60.755172 | ... Q23: =Q14*AG23 -> 92.417817 | R23: =RATE(9,,-H23,Q23) -> 0.070708275 | S23: Others (Serum) | T23: =1-SUM(T21:T22) -> 0.1 | U23: =1-SUM(U21:U22) -> 0.099846154 | V23: =1-SUM(V21:V22) -> 0.099692308 | W23: =1-SUM(W21:W22) -> 0.099538462 | X23: =1-SUM(X21:X22) -> 0.099384615 | Y23: =1-SUM(Y21:Y22) -> 0.099230769 | Z23: =1-SUM(Z21:Z22) -> 0.099076923 | AA23: =1-SUM(AA21:AA22) -> 0.098923077 | ... AG23: =1-SUM(AG21:AG22) -> 0.098
D24: =D14=SUM(D21:D23) -> TRUE | E24: =E14=SUM(E21:E23) -> TRUE | F24: =F14=SUM(F21:F23) -> TRUE | G24: =G14=SUM(G21:G23) -> TRUE | H24: =H14=SUM(H21:H23) -> TRUE | I24: =I14=SUM(I21:I23) -> TRUE | J24: =J14=SUM(J21:J23) -> TRUE | K24: =K14=SUM(K21:K23) -> TRUE | ... Q24: =Q14=SUM(Q21:Q23) -> TRUE
A25: Clinical Application | B25: Early disease screening | D25: =D14*T25 -> 117.0195 | E25: =E14*U25 -> 125.5288 | F25: =F14*V25 -> 134.77186 | G25: =G14*W25 -> 144.82233 | H25: =H14*X25 -> 155.7625 | I25: =I14*Y25 -> 167.68448 | J25: =J14*Z25 -> 180.69158 | K25: =K14*AA25 -> 194.89988 | ... Q25: =Q14*AG25 -> 314.03197 | R25: =RATE(9,,-H25,Q25) -> 0.081022048 | S25: Early disease screening | T25: 0.3 | U25: 0.302418 | V25: 0.30485549 | W25: 0.30731263 | X25: 0.30978957 | Y25: 0.31228647 | Z25: 0.3148035 | AA25: 0.31734082 | AB25: 0.31989858 | AC25: 0.32247697 | AD25: 0.32507613 | AE25: 0.32769625 | AF25: 0.33033748 | AG25: 0.333
B26: Therapy selection | D26: =D14*T26 -> 78.013 | E26: =E14*U26 -> 83.627632 | F26: =F14*V26 -> 89.722901 | G26: =G14*W26 -> 96.346796 | H26: =H14*X26 -> 103.55291 | I26: =I14*Y26 -> 111.40122 | J26: =J14*Z26 -> 119.95895 | K26: =K14*AA26 -> 129.30163 | ... Q26: =Q14*AG26 -> 207.46857 | R26: =RATE(9,,-H26,Q26) -> 0.080269766 | S26: Therapy selection | T26: 0.2 | U26: 0.2014717 | V26: 0.20295423 | W26: 0.20444766 | X26: 0.20595209 | Y26: 0.20746759 | Z26: 0.20899424 | AA26: 0.21053212 | AB26: 0.21208132 | AC26: 0.21364192 | AD26: 0.215214 | AE26: 0.21679765 | AF26: 0.21839296 | AG26: 0.22
B27: Treatment response monitoring | D27: =D14*T27 -> 58.50975 | E27: =E14*U27 -> 62.720724 | F27: =F14*V27 -> 67.292175 | G27: =G14*W27 -> 72.260097 | H27: =H14*X27 -> 77.664685 | I27: =I14*Y27 -> 83.550916 | J27: =J14*Z27 -> 89.969214 | K27: =K14*AA27 -> 96.976224 | ... Q27: =Q14*AG27 -> 155.60143 | R27: =RATE(9,,-H27,Q27) -> 0.080269766 | S27: Treatment response monitoring | T27: 0.15 | U27: 0.15110377 | V27: 0.15221567 | W27: 0.15333575 | X27: 0.15446407 | Y27: 0.15560069 | Z27: 0.15674568 | AA27: 0.15789909 | AB27: 0.15906099 | AC27: 0.16023144 | AD27: 0.1614105 | AE27: 0.16259824 | AF27: 0.16379472 | AG27: 0.165
B28: Molecular health monitoring | D28: =D14*T28 -> 27.30455 | E28: =E14*U28 -> 29.210477 | F28: =F14*V28 -> 31.276127 | G28: =G14*W28 -> 33.517202 | H28: =H14*X28 -> 35.951218 | I28: =I14*Y28 -> 38.597756 | J28: =J14*Z28 -> 41.478742 | K28: =K14*AA28 -> 44.618783 | ... Q28: =Q14*AG28 -> 70.727922 | R28: =RATE(9,,-H28,Q28) -> 0.078085071 | S28: Molecular health monitoring | T28: 0.07 | U28: 0.070372488 | V28: 0.070746957 | W28: 0.07112342 | X28: 0.071501885 | Y28: 0.071882365 | Z28: 0.072264869 | AA28: 0.072649409 | AB28: 0.073035994 | AC28: 0.073424637 | AD28: 0.073815348 | AE28: 0.074208138 | AF28: 0.074603019 | AG28: 0.075
B29: Others | D29: =D14*T29 -> 109.2182 | E29: =E14*U29 -> 113.99613 | F29: =F14*V29 -> 119.02135 | G29: =G14*W29 -> 124.30766 | H29: =H14*X29 -> 129.86967 | I29: =I14*Y29 -> 135.72286 | J29: =J14*Z29 -> 141.88362 | K29: =K14*AA29 -> 148.3693 | ... Q29: =Q14*AG29 -> 195.20906 | R29: =RATE(9,,-H29,Q29) -> 0.046323082 | S29: Others | T29: =1-SUM(T25:T28) -> 0.28 | U29: =1-SUM(U25:U28) -> 0.27463404 | V29: =1-SUM(V25:V28) -> 0.26922766 | W29: =1-SUM(W25:W28) -> 0.26378054 | X29: =1-SUM(X25:X28) -> 0.25829239 | Y29: =1-SUM(Y25:Y28) -> 0.25276288 | Z29: =1-SUM(Z25:Z28) -> 0.24719171 | AA29: =1-SUM(AA25:AA28) -> 0.24157856 | ... AG29: =1-SUM(AG25:AG28) -> 0.207
D30: =D14=SUM(D25:D29) -> TRUE | E30: =E14=SUM(E25:E29) -> TRUE | F30: =F14=SUM(F25:F29) -> TRUE | G30: =G14=SUM(G25:G29) -> TRUE | H30: =H14=SUM(H25:H29) -> TRUE | I30: =I14=SUM(I25:I29) -> TRUE | J30: =J14=SUM(J25:J29) -> TRUE | K30: =K14=SUM(K25:K29) -> TRUE | ... Q30: =Q14=SUM(Q25:Q29) -> TRUE
A31: Disease Indication | B31: Lung cancer | D31: =D14*T31 -> 97.51625 | E31: =E14*U31 -> 102.75553 | F31: =F14*V31 -> 108.36876 | G31: =G14*W31 -> 114.38878 | H31: =H14*X31 -> 120.85201 | I31: =I14*Y31 -> 127.79883 | J31: =J14*Z31 -> 135.2742 | K31: =K14*AA31 -> 143.32822 | ... Q31: =Q14*AG31 -> 207.46857 | R31: =RATE(9,,-H31,Q31) -> 0.061885291 | S31: Lung cancer | T31: 0.25 | U31: 0.24755371 | V31: 0.24513136 | W31: 0.24273272 | X31: 0.24035754 | Y31: 0.23800561 | Z31: 0.23567669 | AA31: 0.23337056 | AB31: 0.23108699 | AC31: 0.22882577 | AD31: 0.22658668 | AE31: 0.22436949 | AF31: 0.22217401 | AG31: 0.22
B32: Colorectal cancer | D32: =D14*T32 -> 78.013 | E32: =E14*U32 -> 83.479874 | F32: =F14*V32 -> 89.406125 | G32: =G14*W32 -> 95.837003 | H32: =H14*X32 -> 102.823 | I32: =I14*Y32 -> 110.42054 | J32: =J14*Z32 -> 118.69285 | K32: =K14*AA32 -> 127.71088 | ... Q32: =Q14*AG32 -> 202.75338 | R32: =RATE(9,,-H32,Q32) -> 0.078361078 | S32: Colorectal cancer | T32: 0.2 | U32: 0.20111573 | V32: 0.20223768 | W32: 0.20336589 | X32: 0.20450039 | Y32: 0.20564122 | Z32: 0.20678842 | AA32: 0.20794201 | AB32: 0.20910205 | AC32: 0.21026855 | AD32: 0.21144156 | AE32: 0.21262111 | AF32: 0.21380725 | AG32: 0.215
B33: Breast cancer | D33: =D14*T33 -> 70.2117 | E33: =E14*U33 -> 74.778612 | F33: =F14*V33 -> 79.710585 | G33: =G14*W33 -> 85.042312 | H33: =H14*X33 -> 90.81241 | I33: =I14*Y33 -> 97.063942 | J33: =J14*Z33 -> 103.84503 | K33: =K14*AA33 -> 111.20957 | ... Q33: =Q14*AG33 -> 171.63309 | R33: =RATE(9,,-H33,Q33) -> 0.07329057 | S33: Breast cancer | T33: 0.18 | U33: 0.18015306 | V33: 0.18030626 | W33: 0.18045958 | X33: 0.18061303 | Y33: 0.18076662 | Z33: 0.18092033 | AA33: 0.18107418 | AB33: 0.18122815 | AC33: 0.18138226 | AD33: 0.1815365 | AE33: 0.18169087 | AF33: 0.18184537 | AG33: 0.182
B34: Prostate cancer | D34: =D14*T34 -> 46.8078 | E34: =E14*U34 -> 49.904753 | F34: =F14*V34 -> 53.252043 | G34: =G14*W34 -> 56.873651 | H34: =H14*X34 -> 60.796281 | I34: =I14*Y34 -> 65.049731 | J34: =J14*Z34 -> 69.667315 | K34: =K14*AA34 -> 74.686357 | ... Q34: =Q14*AG34 -> 115.99379 | R34: =RATE(9,,-H34,Q34) -> 0.07441752 | S34: Prostate cancer | T34: 0.12 | U34: 0.12022815 | V34: 0.12045673 | W34: 0.12068575 | X34: 0.1209152 | Y34: 0.12114509 | Z34: 0.12137541 | AA34: 0.12160618 | AB34: 0.12183738 | AC34: 0.12206902 | AD34: 0.1223011 | AE34: 0.12253363 | AF34: 0.12276659 | AG34: 0.123
B35: Liver cancer | D35: =D14*T35 -> 39.0065 | E35: =E14*U35 -> 41.664454 | F35: =F14*V35 -> 44.541526 | G35: =G14*W35 -> 47.659004 | H35: =H14*X35 -> 51.040615 | I35: =I14*Y35 -> 54.712861 | J35: =J14*Z35 -> 58.705397 | K35: =K14*AA35 -> 63.051477 | ... Q35: =Q14*AG35 -> 99.01909 | R35: =RATE(9,,-H35,Q35) -> 0.076410969 | S35: Liver cancer | T35: 0.1 | U35: 0.10037601 | V35: 0.10075344 | W35: 0.10113229 | X35: 0.10151256 | Y35: 0.10189426 | Z35: 0.1022774 | AA35: 0.10266198 | AB35: 0.103048 | AC35: 0.10343548 | AD35: 0.10382441 | AE35: 0.1042148 | AF35: 0.10460666 | AG35: 0.105
B36: Head & neck cancer | D36: =D14*T36 -> 50.70845 | E36: =E14*U36 -> 54.086829 | F36: =F14*V36 -> 57.73955 | G36: =G14*W36 -> 61.692977 | H36: =H14*X36 -> 65.97648 | I36: =I14*Y36 -> 70.622834 | J36: =J14*Z36 -> 75.66869 | K36: =K14*AA36 -> 81.15512 | ... Q36: =Q14*AG36 -> 126.36722 | R36: =RATE(9,,-H36,Q36) -> 0.074881498 | S36: Head & neck cancer | T36: 0.13 | U36: 0.13030341 | V36: 0.13060752 | W36: 0.13091235 | X36: 0.13121788 | Y36: 0.13152413 | Z36: 0.1318311 | AA36: 0.13213878 | AB36: 0.13244718 | AC36: 0.13275629 | AD36: 0.13306613 | AE36: 0.1333767 | AF36: 0.13368799 | AG36: 0.134
B37: Others cancers | D37: =D14*T37 -> 7.8013 | E37: =E14*U37 -> 8.4137182 | F37: =F14*V37 -> 9.0658291 | G37: =G14*W37 -> 9.7603479 | H37: =H14*X37 -> 10.50019 | I37: =I14*Y37 -> 11.28849 | J37: =J14*Z37 -> 12.128617 | K37: =K14*AA37 -> 13.024198 | ... Q37: =Q14*AG37 -> 19.803818 | R37: =RATE(9,,-H37,Q37) -> 0.073042348 | S37: Others cancers | T37: =1-SUM(T31:T36) -> 0.02 | U37: =1-SUM(U31:U36) -> 0.020269928 | V37: =1-SUM(V31:V36) -> 0.020507009 | W37: =1-SUM(W31:W36) -> 0.020711434 | X37: =1-SUM(X31:X36) -> 0.020883393 | Y37: =1-SUM(Y31:Y36) -> 0.021023071 | Z37: =1-SUM(Z31:Z36) -> 0.021130653 | AA37: =1-SUM(AA31:AA36) -> 0.021206321 | ... AG37: =1-SUM(AG31:AG36) -> 0.021
D38: =D14=SUM(D31:D37) -> TRUE | E38: =E14=SUM(E31:E37) -> TRUE | F38: =F14=SUM(F31:F37) -> TRUE | G38: =G14=SUM(G31:G37) -> TRUE | H38: =H14=SUM(H31:H37) -> TRUE | I38: =I14=SUM(I31:I37) -> TRUE | J38: =J14=SUM(J31:J37) -> TRUE | K38: =K14=SUM(K31:K37) -> TRUE | ... Q38: =Q14=SUM(Q31:Q37) -> TRUE
A39: GCC Liquid Biopsy Market 2027-36 (USD Million)
D41: 2023 | E41: 2024 | F41: 2025 | G41: 2026 | H41: 2027 | I41: 2028 | J41: 2029 | K41: 2030 | L41: 2031 | M41: 2032 | N41: 2033 | O41: 2034 | P41: 2035 | Q41: 2036 | R41: CAGR (2024-2036)
D42: =#REF! -> #REF! | E42: =#REF! -> #REF! | F42: =#REF! -> #REF! | G42: =#REF! -> #REF! | H42: =#REF! -> #REF! | I42: =#REF! -> #REF! | J42: =#REF! -> #REF! | K42: =#REF! -> #REF! | ... Q42: =#REF! -> #REF! | R42: =RATE(12,,-E42,Q42) -> #REF! | T42: 2023 | U42: 2024 | V42: 2025 | W42: 2026 | X42: 2027 | Y42: 2028 | Z42: 2029 | AA42: 2030 | AB42: 2031 | AC42: 2032 | AD42: 2033 | AE42: 2034 | AF42: 2035 | AG42: 2036
A43: Test Type | B43: Phenotypic AST | D43: =D42*T43 -> #REF! | E43: =E42*U43 -> #REF! | F43: =F42*V43 -> #REF! | G43: =G42*W43 -> #REF! | H43: =H42*X43 -> #REF! | I43: =I42*Y43 -> #REF! | J43: =J42*Z43 -> #REF! | K43: =K42*AA43 -> #REF! | ... Q43: =Q42*AG43 -> #REF! | R43: =RATE(12,,-E43,Q43) -> #REF! | T43: 0.56 | U43: 0.56092161 | V43: 0.56184474 | W43: 0.56276939 | X43: 0.56369557 | Y43: 0.56462326 | Z43: 0.56555248 | AA43: 0.56648323 | AB43: 0.56741552 | AC43: 0.56834934 | AD43: 0.56928469 | AE43: 0.57022158 | AF43: 0.57116002 | AG43: 0.5721
B44: Genotypic AST | D44: =D42*T44 -> #REF! | E44: =E42*U44 -> #REF! | F44: =F42*V44 -> #REF! | G44: =G42*W44 -> #REF! | H44: =H42*X44 -> #REF! | I44: =I42*Y44 -> #REF! | J44: =J42*Z44 -> #REF! | K44: =K42*AA44 -> #REF! | ... Q44: =Q42*AG44 -> #REF! | R44: =RATE(12,,-E44,Q44) -> #REF! | T44: =1-T43 -> 0.44 | U44: =1-U43 -> 0.43907839 | V44: =1-V43 -> 0.43815526 | W44: =1-W43 -> 0.43723061 | X44: =1-X43 -> 0.43630443 | Y44: =1-Y43 -> 0.43537674 | Z44: =1-Z43 -> 0.43444752 | AA44: =1-AA43 -> 0.43351677 | ... AG44: =1-AG43 -> 0.4279
A46: Product | B46: Instruments | D46: =D42*T46 -> #REF! | E46: =E42*U46 -> #REF! | F46: =F42*V46 -> #REF! | G46: =G42*W46 -> #REF! | H46: =H42*X46 -> #REF! | I46: =I42*Y46 -> #REF! | J46: =J42*Z46 -> #REF! | K46: =K42*AA46 -> #REF! | ... Q46: =Q42*AG46 -> #REF! | R46: =RATE(12,,-E46,Q46) -> #REF! | T46: 0.471 | U46: 0.47038462 | V46: 0.46976923 | W46: 0.46915385 | X46: 0.46853846 | Y46: 0.46792308 | Z46: 0.46730769 | AA46: 0.46669231 | AB46: 0.46607692 | AC46: 0.46546154 | AD46: 0.46484615 | AE46: 0.46423077 | AF46: 0.46361538 | AG46: 0.463
B47: Consumables | D47: =D42*T47 -> #REF! | E47: =E42*U47 -> #REF! | F47: =F42*V47 -> #REF! | G47: =G42*W47 -> #REF! | H47: =H42*X47 -> #REF! | I47: =I42*Y47 -> #REF! | J47: =J42*Z47 -> #REF! | K47: =K42*AA47 -> #REF! | ... Q47: =Q42*AG47 -> #REF! | R47: =RATE(12,,-E47,Q47) -> #REF! | T47: =1-T46 -> 0.529 | U47: =1-U46 -> 0.52961538 | V47: =1-V46 -> 0.53023077 | W47: =1-W46 -> 0.53084615 | X47: =1-X46 -> 0.53146154 | Y47: =1-Y46 -> 0.53207692 | Z47: =1-Z46 -> 0.53269231 | AA47: =1-AA46 -> 0.53330769 | ... AG47: =1-AG46 -> 0.537
A49: Method | B49: Conventional | D49: =D42*T49 -> #REF! | E49: =E42*U49 -> #REF! | F49: =F42*V49 -> #REF! | G49: =G42*W49 -> #REF! | H49: =H42*X49 -> #REF! | I49: =I42*Y49 -> #REF! | J49: =J42*Z49 -> #REF! | K49: =K42*AA49 -> #REF! | ... Q49: =Q42*AG49 -> #REF! | R49: =RATE(12,,-E49,Q49) -> #REF! | T49: 0.401 | U49: 0.40265091 | V49: 0.40430861 | W49: 0.40597313 | X49: 0.40764451 | Y49: 0.40932277 | Z49: 0.41100794 | AA49: 0.41270005 | AB49: 0.41439913 | AC49: 0.4161052 | AD49: 0.41781829 | AE49: 0.41953843 | AF49: 0.42126566 | AG49: 0.423
B50: Automated | D50: =D42*T50 -> #REF! | E50: =E42*U50 -> #REF! | F50: =F42*V50 -> #REF! | G50: =G42*W50 -> #REF! | H50: =H42*X50 -> #REF! | I50: =I42*Y50 -> #REF! | J50: =J42*Z50 -> #REF! | K50: =K42*AA50 -> #REF! | ... Q50: =Q42*AG50 -> #REF! | R50: =RATE(12,,-E50,Q50) -> #REF! | T50: =1-T49 -> 0.599 | U50: =1-U49 -> 0.59734909 | V50: =1-V49 -> 0.59569139 | W50: =1-W49 -> 0.59402687 | X50: =1-X49 -> 0.59235549 | Y50: =1-Y49 -> 0.59067723 | Z50: =1-Z49 -> 0.58899206 | AA50: =1-AA49 -> 0.58729995 | ... AG50: =1-AG49 -> 0.577
A52: Technology | B52: Culture-Based | D52: =D42*T52 -> #REF! | E52: =E42*U52 -> #REF! | F52: =F42*V52 -> #REF! | G52: =G42*W52 -> #REF! | H52: =H42*X52 -> #REF! | I52: =I42*Y52 -> #REF! | J52: =J42*Z52 -> #REF! | K52: =K42*AA52 -> #REF! | ... Q52: =Q42*AG52 -> #REF! | R52: =RATE(12,,-E52,Q52) -> #REF! | T52: 0.25 | U52: 0.25155594 | V52: 0.25312155 | W52: 0.25469692 | X52: 0.25628209 | Y52: 0.25787712 | Z52: 0.25948208 | AA52: 0.26109703 | AB52: 0.26272203 | AC52: 0.26435714 | AD52: 0.26600243 | AE52: 0.26765796 | AF52: 0.2693238 | AG52: 0.271
B53: Molecular Technology | D53: =D42*T53 -> #REF! | E53: =E42*U53 -> #REF! | F53: =F42*V53 -> #REF! | G53: =G42*W53 -> #REF! | H53: =H42*X53 -> #REF! | I53: =I42*Y53 -> #REF! | J53: =J42*Z53 -> #REF! | K53: =K42*AA53 -> #REF! | ... Q53: =Q42*AG53 -> #REF! | R53: =RATE(12,,-E53,Q53) -> #REF! | T53: 0.38 | U53: 0.38090989 | V53: 0.38182196 | W53: 0.38273621 | X53: 0.38365265 | Y53: 0.38457129 | Z53: 0.38549212 | AA53: 0.38641516 | AB53: 0.38734041 | AC53: 0.38826788 | AD53: 0.38919756 | AE53: 0.39012948 | AF53: 0.39106362 | AG53: 0.392
B54: PCR | D54: =D53*T54 -> #REF! | E54: =E53*U54 -> #REF! | F54: =F53*V54 -> #REF! | G54: =G53*W54 -> #REF! | H54: =H53*X54 -> #REF! | I54: =I53*Y54 -> #REF! | J54: =J53*Z54 -> #REF! | K54: =K53*AA54 -> #REF! | ... Q54: =Q53*AG54 -> #REF! | R54: =RATE(12,,-E54,Q54) -> #REF! | T54: 0.35 | U54: 0.34938588 | V54: 0.34877285 | W54: 0.34816088 | X54: 0.34754999 | Y54: 0.34694018 | Z54: 0.34633143 | AA54: 0.34572375 | AB54: 0.34511714 | AC54: 0.34451159 | AD54: 0.3439071 | AE54: 0.34330368 | AF54: 0.34270131 | AG54: 0.3421
B55: Microarray | D55: =D53*T55 -> #REF! | E55: =E53*U55 -> #REF! | F55: =F53*V55 -> #REF! | G55: =G53*W55 -> #REF! | H55: =H53*X55 -> #REF! | I55: =I53*Y55 -> #REF! | J55: =J53*Z55 -> #REF! | K55: =K53*AA55 -> #REF! | ... Q55: =Q53*AG55 -> #REF! | R55: =RATE(12,,-E55,Q55) -> #REF! | T55: 0.28 | U55: 0.28097919 | V55: 0.2819618 | W55: 0.28294785 | X55: 0.28393735 | Y55: 0.2849303 | Z55: 0.28592673 | AA55: 0.28692665 | AB55: 0.28793006 | AC55: 0.28893698 | AD55: 0.28994742 | AE55: 0.2909614 | AF55: 0.29197892 | AG55: 0.293
B56: PNA-FISH | D56: =D53*T56 -> #REF! | E56: =E53*U56 -> #REF! | F56: =F53*V56 -> #REF! | G56: =G53*W56 -> #REF! | H56: =H53*X56 -> #REF! | I56: =I53*Y56 -> #REF! | J56: =J53*Z56 -> #REF! | K56: =K53*AA56 -> #REF! | ... Q56: =Q53*AG56 -> #REF! | R56: =RATE(12,,-E56,Q56) -> #REF! | T56: =1-SUM(T54:T55) -> 0.37 | U56: =1-SUM(U54:U55) -> 0.36963493 | V56: =1-SUM(V54:V55) -> 0.36926535 | W56: =1-SUM(W54:W55) -> 0.36889127 | X56: =1-SUM(X54:X55) -> 0.36851266 | Y56: =1-SUM(Y54:Y55) -> 0.36812952 | Z56: =1-SUM(Z54:Z55) -> 0.36774184 | AA56: =1-SUM(AA54:AA55) -> 0.3673496 | ... AG56: =1-SUM(AG54:AG55) -> 0.3649
B57: Proteomic Technologies | D57: =D42*T57 -> #REF! | E57: =E42*U57 -> #REF! | F57: =F42*V57 -> #REF! | G57: =G42*W57 -> #REF! | H57: =H42*X57 -> #REF! | I57: =I42*Y57 -> #REF! | J57: =J42*Z57 -> #REF! | K57: =K42*AA57 -> #REF! | ... Q57: =Q42*AG57 -> #REF! | R57: =RATE(12,,-E57,Q57) -> #REF! | T57: =1-SUM(T52+T53) -> 0.37 | U57: =1-SUM(U52+U53) -> 0.36753418 | V57: =1-SUM(V52+V53) -> 0.36505649 | W57: =1-SUM(W52+W53) -> 0.36256687 | X57: =1-SUM(X52+X53) -> 0.36006526 | Y57: =1-SUM(Y52+Y53) -> 0.3575516 | Z57: =1-SUM(Z52+Z53) -> 0.3550258 | AA57: =1-SUM(AA52+AA53) -> 0.35248781 | ... AG57: =1-SUM(AG52+AG53) -> 0.337
A59: Application | B59: Bacteremia | D59: =D42*T59 -> #REF! | E59: =E42*U59 -> #REF! | F59: =F42*V59 -> #REF! | G59: =G42*W59 -> #REF! | H59: =H42*X59 -> #REF! | I59: =I42*Y59 -> #REF! | J59: =J42*Z59 -> #REF! | K59: =K42*AA59 -> #REF! | ... Q59: =Q42*AG59 -> #REF! | R59: =RATE(12,,-E59,Q59) -> #REF! | T59: 0.401 | U59: 0.40265091 | V59: 0.40430861 | W59: 0.40597313 | X59: 0.40764451 | Y59: 0.40932277 | Z59: 0.41100794 | AA59: 0.41270005 | AB59: 0.41439913 | AC59: 0.4161052 | AD59: 0.41781829 | AE59: 0.41953843 | AF59: 0.42126566 | AG59: 0.423
B60: Fungemia | D60: =D42*T60 -> #REF! | E60: =E42*U60 -> #REF! | F60: =F42*V60 -> #REF! | G60: =G42*W60 -> #REF! | H60: =H42*X60 -> #REF! | I60: =I42*Y60 -> #REF! | J60: =J42*Z60 -> #REF! | K60: =K42*AA60 -> #REF! | ... Q60: =Q42*AG60 -> #REF! | R60: =RATE(12,,-E60,Q60) -> #REF! | T60: 0.431 | U60: 0.43183635 | V60: 0.43267432 | W60: 0.43351391 | X60: 0.43435514 | Y60: 0.43519799 | Z60: 0.43604249 | AA60: 0.43688862 | AB60: 0.43773639 | AC60: 0.43858581 | AD60: 0.43943688 | AE60: 0.4402896 | AF60: 0.44114397 | AG60: 0.442
B61: Mycobacterial Infection | D61: =D42*T61 -> #REF! | E61: =E42*U61 -> #REF! | F61: =F42*V61 -> #REF! | G61: =G42*W61 -> #REF! | H61: =H42*X61 -> #REF! | I61: =I42*Y61 -> #REF! | J61: =J42*Z61 -> #REF! | K61: =K42*AA61 -> #REF! | ... Q61: =Q42*AG61 -> #REF! | R61: =RATE(12,,-E61,Q61) -> #REF! | T61: =1-SUM(T59:T60) -> 0.168 | U61: =1-SUM(U59:U60) -> 0.16551275 | V61: =1-SUM(V59:V60) -> 0.16301708 | W61: =1-SUM(W59:W60) -> 0.16051295 | X61: =1-SUM(X59:X60) -> 0.15800035 | Y61: =1-SUM(Y59:Y60) -> 0.15547923 | Z61: =1-SUM(Z59:Z60) -> 0.15294957 | AA61: =1-SUM(AA59:AA60) -> 0.15041133 | ... AG61: =1-SUM(AG59:AG60) -> 0.135
D62: 2023 | E62: 2024 | F62: 2025 | G62: 2026 | H62: 2027 | I62: 2028 | J62: 2029 | K62: 2030 | L62: 2031 | M62: 2032 | N62: 2033 | O62: 2034 | P62: 2035 | Q62: 2036 | R62: CAGR (2027-2036)
D63: ='Market Analysis '!C59 -> 58.50975 | E63: ='Market Analysis '!D59 -> 61.727786 | F63: ='Market Analysis '!E59 -> 65.211707 | G63: ='Market Analysis '!F59 -> 68.988629 | H63: ='Market Analysis '!G59 -> 73.088922 | I63: ='Market Analysis '!H59 -> 77.546652 | J63: ='Market Analysis '!I59 -> 82.400097 | K63: ='Market Analysis '!J59 -> 87.692339 | ... Q63: ='Market Analysis '!P59 -> 131.87664 | R63: =RATE(9,,-H63,Q63) -> 0.067774613 | T63: 2023 | U63: 2024 | V63: 2025 | W63: 2026 | X63: 2027 | Y63: 2028 | Z63: 2029 | AA63: 2030 | AB63: 2031 | AC63: 2032 | AD63: 2033 | AE63: 2034 | AF63: 2035 | AG63: 2036
A64: Biomarker Type | B64: Circulating tumor cells | D64: =D63*T64 -> 33.350558 | E64: =E63*U64 -> 35.231941 | F64: =F63*V64 -> 37.270262 | G64: =G63*W64 -> 39.48166 | H64: =H63*X64 -> 41.884222 | I64: =I63*Y64 -> 44.498253 | J64: =J63*Z64 -> 47.346583 | K64: =K63*AA64 -> 50.454927 | ... Q64: =Q63*AG64 -> 76.488451 | R64: =RATE(9,,-H64,Q64) -> 0.069204066 | S64: Circulating tumor cells | T64: 0.57 | U64: 0.57076307 | V64: 0.57152716 | W64: 0.57229228 | X64: 0.57305842 | Y64: 0.57382559 | Z64: 0.57459378 | AA64: 0.575363 | AB64: 0.57613325 | AC64: 0.57690453 | AD64: 0.57767685 | AE64: 0.5784502 | AF64: 0.57922458 | AG64: 0.58
B65: Circulating tumor DNA | D65: =D63*T65 -> 8.191365 | E65: =E63*U65 -> 8.6513246 | F65: =F63*V65 -> 9.1495839 | G65: =G63*W65 -> 9.6900755 | H65: =H63*X65 -> 10.277206 | I65: =I63*Y65 -> 10.915922 | J65: =J63*Z65 -> 11.611785 | K65: =K63*AA65 -> 12.371056 | ... Q65: =Q63*AG65 -> 18.726483 | R65: =RATE(9,,-H65,Q65) -> 0.068940325 | S65: Circulating tumor DNA | T65: 0.14 | U65: 0.14015284 | V65: 0.14030585 | W65: 0.14045902 | X65: 0.14061237 | Y65: 0.14076588 | Z65: 0.14091955 | AA65: 0.1410734 | AB65: 0.14122741 | AC65: 0.14138159 | AD65: 0.14153594 | AE65: 0.14169046 | AF65: 0.14184514 | AG65: 0.142
B66: Exosomes | D66: =D63*T66 -> 8.191365 | E66: =E63*U66 -> 8.6466228 | F66: =F63*V66 -> 9.1396414 | G66: =G63*W66 -> 9.674285 | H66: =H63*X66 -> 10.254883 | I66: =I63*Y66 -> 10.886292 | J66: =J63*Z66 -> 11.573972 | K66: =K63*AA66 -> 12.324069 | ... Q66: =Q63*AG66 -> 18.594606 | R66: =RATE(9,,-H66,Q66) -> 0.068359377 | S66: Exosomes | T66: 0.14 | U66: 0.14007667 | V66: 0.14015338 | W66: 0.14023014 | X66: 0.14030693 | Y66: 0.14038377 | Z66: 0.14046065 | AA66: 0.14053758 | AB66: 0.14061454 | AC66: 0.14069155 | AD66: 0.1407686 | AE66: 0.14084569 | AF66: 0.14092282 | AG66: 0.141
B67: Circulating RNA & proteins | D67: =D63*T67 -> 5.850975 | E67: =E63*U67 -> 6.1959891 | F67: =F63*V67 -> 6.570304 | G67: =G63*W67 -> 6.976978 | H67: =H63*X67 -> 7.4194436 | I67: =I63*Y67 -> 7.9015589 | J67: =J63*Z67 -> 8.4276676 | K67: =K63*AA67 -> 9.0026689 | ... Q67: =Q63*AG67 -> 13.847047 | R67: =RATE(9,,-H67,Q67) -> 0.071789596 | S67: Circulating RNA & proteins | T67: 0.1 | U67: 0.10037601 | V67: 0.10075344 | W67: 0.10113229 | X67: 0.10151256 | Y67: 0.10189426 | Z67: 0.1022774 | AA67: 0.10266198 | AB67: 0.103048 | AC67: 0.10343548 | AD67: 0.10382441 | AE67: 0.1042148 | AF67: 0.10460666 | AG67: 0.105
B68: Nucleosomes | D68: =D63*T68 -> 2.9254875 | E68: =E63*U68 -> 3.0019088 | F68: =F63*V68 -> 3.0819158 | G68: =G63*W68 -> 3.1656308 | H68: =H63*X68 -> 3.2531673 | I68: =I63*Y68 -> 3.3446261 | J68: =J63*Z68 -> 3.44009 | K68: =K63*AA68 -> 3.5396179 | ... Q68: =Q63*AG68 -> 4.2200525 | R68: =RATE(9,,-H68,Q68) -> 0.029335207 | S68: Nucleosomes | T68: =1-SUM(T64:T67) -> 0.05 | U68: =1-SUM(U64:U67) -> 0.048631403 | V68: =1-SUM(V64:V67) -> 0.047260162 | W68: =1-SUM(W64:W67) -> 0.045886269 | X68: =1-SUM(X64:X67) -> 0.044509719 | Y68: =1-SUM(Y64:Y67) -> 0.043130503 | Z68: =1-SUM(Z64:Z67) -> 0.041748616 | AA68: =1-SUM(AA64:AA67) -> 0.040364049 | ... AG68: =1-SUM(AG64:AG67) -> 0.032
D69: =D63=SUM(D64:D68) -> TRUE | E69: =E63=SUM(E64:E68) -> TRUE | F69: =F63=SUM(F64:F68) -> TRUE | G69: =G63=SUM(G64:G68) -> TRUE | H69: =H63=SUM(H64:H68) -> TRUE | I69: =I63=SUM(I64:I68) -> TRUE | J69: =J63=SUM(J64:J68) -> TRUE | K69: =K63=SUM(K64:K68) -> TRUE | ... Q69: =Q63=SUM(Q64:Q68) -> TRUE
A70: Sample | B70: Blood | D70: =D63*T70 -> 27.558092 | E70: =E63*U70 -> 28.996597 | F70: =F63*V70 -> 30.551836 | G70: =G63*W70 -> 32.235521 | H70: =H63*X70 -> 34.060746 | I70: =I63*Y70 -> 36.042182 | J70: =J63*Z70 -> 38.196288 | K70: =K63*AA70 -> 40.541566 | ... Q70: =Q63*AG70 -> 60.003871 | R70: =RATE(9,,-H70,Q70) -> 0.06493969 | S70: Blood | T70: 0.471 | U70: 0.4697495 | V70: 0.46850233 | W70: 0.46725846 | X70: 0.4660179 | Y70: 0.46478063 | Z70: 0.46354664 | AA70: 0.46231594 | AB70: 0.46108849 | AC70: 0.45986431 | AD70: 0.45864338 | AE70: 0.45742569 | AF70: 0.45621123 | AG70: 0.455
B71: Urine | D71: =D63*T71 -> 29.254875 | E71: =E63*U71 -> 30.910943 | F71: =F63*V71 -> 32.705341 | G71: =G63*W71 -> 34.652309 | H71: =H63*X71 -> 36.76781 | I71: =I63*Y71 -> 39.069766 | J71: =J63*Z71 -> 41.57833 | K71: =K63*AA71 -> 44.316201 | ... Q71: =Q63*AG71 -> 67.257086 | R71: =RATE(9,,-H71,Q71) -> 0.069402371 | S71: Urine | T71: 0.5 | U71: 0.50076222 | V71: 0.5015256 | W71: 0.50229015 | X71: 0.50305586 | Y71: 0.50382274 | Z71: 0.50459078 | AA71: 0.50536 | AB71: 0.50613039 | AC71: 0.50690196 | AD71: 0.5076747 | AE71: 0.50844862 | AF71: 0.50922372 | AG71: 0.51
B72: Others (Serum) | D72: =D63*T72 -> 1.6967828 | E72: =E63*U72 -> 1.8202461 | F72: =F63*V72 -> 1.95453 | G72: =G63*W72 -> 2.1007998 | H72: =H63*X72 -> 2.2603658 | I72: =I63*Y72 -> 2.4347039 | J72: =J63*Z72 -> 2.625479 | K72: =K63*AA72 -> 2.8345726 | ... Q72: =Q63*AG72 -> 4.6156824 | R72: =RATE(9,,-H72,Q72) -> 0.082557064 | S72: Others (Serum) | T72: =1-SUM(T70:T71) -> 0.029 | U72: =1-SUM(U70:U71) -> 0.029488277 | V72: =1-SUM(V70:V71) -> 0.029972072 | W72: =1-SUM(W70:W71) -> 0.030451392 | X72: =1-SUM(X70:X71) -> 0.030926244 | Y72: =1-SUM(Y70:Y71) -> 0.031396635 | Z72: =1-SUM(Z70:Z71) -> 0.031862572 | AA72: =1-SUM(AA70:AA71) -> 0.032324062 | ... AG72: =1-SUM(AG70:AG71) -> 0.035
D73: =D63=SUM(D70:D72) -> TRUE | E73: =E63=SUM(E70:E72) -> TRUE | F73: =F63=SUM(F70:F72) -> TRUE | G73: =G63=SUM(G70:G72) -> TRUE | H73: =H63=SUM(H70:H72) -> TRUE | I73: =I63=SUM(I70:I72) -> TRUE | J73: =J63=SUM(J70:J72) -> TRUE | K73: =K63=SUM(K70:K72) -> TRUE | ... Q73: =Q63=SUM(Q70:Q72) -> TRUE
A74: Clinical Application | B74: Early disease screening | D74: =D63*T74 -> 32.76546 | E74: =E63*U74 -> 34.572309 | F74: =F63*V74 -> 36.528589 | G74: =G63*W74 -> 38.649553 | H74: =H63*X74 -> 40.952285 | I74: =I63*Y74 -> 43.455951 | J74: =J63*Z74 -> 46.182085 | K74: =K63*AA74 -> 49.154929 | ... Q74: =Q63*AG74 -> 73.982795 | R74: =RATE(9,,-H74,Q74) -> 0.067921124 | S74: Early disease screening | T74: 0.56 | U74: 0.56007692 | V74: 0.56015385 | W74: 0.56023077 | X74: 0.56030769 | Y74: 0.56038462 | Z74: 0.56046154 | AA74: 0.56053846 | AB74: 0.56061538 | AC74: 0.56069231 | AD74: 0.56076923 | AE74: 0.56084615 | AF74: 0.56092308 | AG74: 0.561
B75: Therapy selection | D75: =D63*T75 -> 14.627438 | E75: =E63*U75 -> 15.446191 | F75: =F63*V75 -> 16.333024 | G75: =G63*W75 -> 17.294919 | H75: =H63*X75 -> 18.339697 | I75: =I63*Y75 -> 19.47614 | J75: =J63*Z75 -> 20.714117 | K75: =K63*AA75 -> 22.064742 | ... Q75: =Q63*AG75 -> 33.36479 | R75: =RATE(9,,-H75,Q75) -> 0.068753031 | S75: Therapy selection | T75: 0.25 | U75: 0.25023077 | V75: 0.25046154 | W75: 0.25069231 | X75: 0.25092308 | Y75: 0.25115385 | Z75: 0.25138462 | AA75: 0.25161538 | AB75: 0.25184615 | AC75: 0.25207692 | AD75: 0.25230769 | AE75: 0.25253846 | AF75: 0.25276923 | AG75: 0.253
B76: Treatment response monitoring | D76: =D63*T76 -> 7.6062675 | E76: =E63*U76 -> 8.0341088 | F76: =F63*V76 -> 8.4975871 | G76: =G63*W76 -> 9.0003627 | H76: =H63*X76 -> 9.5465376 | I76: =I63*Y76 -> 10.140716 | J76: =J63*Z76 -> 10.788074 | K76: =K63*AA76 -> 11.494442 | ... Q76: =Q63*AG76 -> 17.407716 | R76: =RATE(9,,-H76,Q76) -> 0.069026412 | S76: Treatment response monitoring | T76: 0.13 | U76: 0.13015385 | V76: 0.13030769 | W76: 0.13046154 | X76: 0.13061538 | Y76: 0.13076923 | Z76: 0.13092308 | AA76: 0.13107692 | AB76: 0.13123077 | AC76: 0.13138462 | AD76: 0.13153846 | AE76: 0.13169231 | AF76: 0.13184615 | AG76: 0.132
B77: Molecular health monitoring | D77: =D63*T77 -> 1.170195 | E77: =E63*U77 -> 1.239304 | F77: =F63*V77 -> 1.3142667 | G77: =G63*W77 -> 1.395693 | H77: =H63*X77 -> 1.4842673 | I77: =I63*Y77 -> 1.5807587 | J77: =J63*Z77 -> 1.6860328 | K77: =K63*AA77 -> 1.8010657 | ... Q77: =Q63*AG77 -> 2.7694094 | R77: =RATE(9,,-H77,Q77) -> 0.071759216 | S77: Molecular health monitoring | T77: 0.02 | U77: 0.020076923 | V77: 0.020153846 | W77: 0.020230769 | X77: 0.020307692 | Y77: 0.020384615 | Z77: 0.020461538 | AA77: 0.020538462 | AB77: 0.020615385 | AC77: 0.020692308 | AD77: 0.020769231 | AE77: 0.020846154 | AF77: 0.020923077 | AG77: 0.021
B78: Others | D78: =D63*T78 -> 2.34039 | E78: =E63*U78 -> 2.4358734 | F78: =F63*V78 -> 2.5382403 | G78: =G63*W78 -> 2.648102 | H78: =H63*X78 -> 2.7661346 | I78: =I63*Y78 -> 2.8930866 | J78: =J63*Z78 -> 3.0297882 | K78: =K63*AA78 -> 3.1771609 | ... Q78: =Q63*AG78 -> 4.3519291 | R78: =RATE(9,,-H78,Q78) -> 0.051641248 | S78: Others | T78: =1-SUM(T74:T77) -> 0.04 | U78: =1-SUM(U74:U77) -> 0.039461538 | V78: =1-SUM(V74:V77) -> 0.038923077 | W78: =1-SUM(W74:W77) -> 0.038384615 | X78: =1-SUM(X74:X77) -> 0.037846154 | Y78: =1-SUM(Y74:Y77) -> 0.037307692 | Z78: =1-SUM(Z74:Z77) -> 0.036769231 | AA78: =1-SUM(AA74:AA77) -> 0.036230769 | ... AG78: =1-SUM(AG74:AG77) -> 0.033
D79: =D63=SUM(D74:D78) -> TRUE | E79: =E63=SUM(E74:E78) -> TRUE | F79: =F63=SUM(F74:F78) -> TRUE | G79: =G63=SUM(G74:G78) -> TRUE | H79: =H63=SUM(H74:H78) -> TRUE | I79: =I63=SUM(I74:I78) -> TRUE | J79: =J63=SUM(J74:J78) -> TRUE | K79: =K63=SUM(K74:K78) -> TRUE | ... Q79: =Q63=SUM(Q74:Q78) -> TRUE
A80: Disease Indication | B80: Lung cancer | D80: =D63*T80 -> 14.627438 | E80: =E63*U80 -> 15.441408 | F80: =F63*V80 -> 16.322924 | G80: =G63*W80 -> 17.278901 | H80: =H63*X80 -> 18.317084 | I80: =I63*Y80 -> 19.446168 | J80: =J63*Z80 -> 20.675923 | K80: =K63*AA80 -> 22.017349 | ... Q80: =Q63*AG80 -> 33.232913 | R80: =RATE(9,,-H80,Q80) -> 0.068429291 | S80: Lung cancer | T80: 0.25 | U80: 0.25015328 | V80: 0.25030666 | W80: 0.25046013 | X80: 0.25061369 | Y80: 0.25076735 | Z80: 0.2509211 | AA80: 0.25107494 | AB80: 0.25122888 | AC80: 0.25138292 | AD80: 0.25153705 | AE80: 0.25169127 | AF80: 0.25184559 | AG80: 0.252
B81: Colorectal cancer | D81: =D63*T81 -> 11.70195 | E81: =E63*U81 -> 12.436402 | F81: =F63*V81 -> 13.234992 | G81: =G63*W81 -> 14.104564 | H81: =H63*X81 -> 15.052816 | I81: =I63*Y81 -> 16.088417 | J81: =J63*Z81 -> 17.221145 | K81: =K63*AA81 -> 18.462054 | ... Q81: =Q63*AG81 -> 29.012861 | R81: =RATE(9,,-H81,Q81) -> 0.075631826 | S81: Colorectal cancer | T81: 0.2 | U81: 0.2014717 | V81: 0.20295423 | W81: 0.20444766 | X81: 0.20595209 | Y81: 0.20746759 | Z81: 0.20899424 | AA81: 0.21053212 | AB81: 0.21208132 | AC81: 0.21364192 | AD81: 0.215214 | AE81: 0.21679765 | AF81: 0.21839296 | AG81: 0.22
B82: Breast cancer | D82: =D63*T82 -> 10.531755 | E82: =E63*U82 -> 11.12045 | F82: =F63*V82 -> 11.758079 | G82: =G63*W82 -> 12.449659 | H82: =H63*X82 -> 13.200812 | I82: =I63*Y82 -> 14.017846 | J82: =J63*Z82 -> 14.907853 | K82: =K63*AA82 -> 15.878818 | ... Q82: =Q63*AG82 -> 24.001548 | R82: =RATE(9,,-H82,Q82) -> 0.068682594 | S82: Breast cancer | T82: 0.18 | U82: 0.18015306 | V82: 0.18030626 | W82: 0.18045958 | X82: 0.18061303 | Y82: 0.18076662 | Z82: 0.18092033 | AA82: 0.18107418 | AB82: 0.18122815 | AC82: 0.18138226 | AD82: 0.1815365 | AE82: 0.18169087 | AF82: 0.18184537 | AG82: 0.182
B83: Prostate cancer | D83: =D63*T83 -> 5.850975 | E83: =E63*U83 -> 6.1821887 | F83: =F63*V83 -> 6.5410681 | G83: =G63*W83 -> 6.9304617 | H83: =H63*X83 -> 7.353562 | I83: =I63*Y83 -> 7.8139533 | J83: =J63*Z83 -> 8.3156659 | K83: =K63*AA83 -> 8.8632402 | ... Q83: =Q63*AG83 -> 13.451417 | R83: =RATE(9,,-H83,Q83) -> 0.069402371 | S83: Prostate cancer | T83: 0.1 | U83: 0.10015244 | V83: 0.10030512 | W83: 0.10045803 | X83: 0.10061117 | Y83: 0.10076455 | Z83: 0.10091816 | AA83: 0.101072 | AB83: 0.10122608 | AC83: 0.10138039 | AD83: 0.10153494 | AE83: 0.10168972 | AF83: 0.10184474 | AG83: 0.102
B84: Liver cancer | D84: =D63*T84 -> 7.6062675 | E84: =E63*U84 -> 8.0479423 | F84: =F63*V84 -> 8.5268873 | G84: =G63*W84 -> 9.0469725 | H84: =H63*X84 -> 9.6125389 | I84: =I63*Y84 -> 10.228464 | J84: =J63*Z84 -> 10.900236 | K84: =K63*AA84 -> 11.634042 | ... Q84: =Q63*AG84 -> 17.803346 | R84: =RATE(9,,-H84,Q84) -> 0.070878975 | S84: Liver cancer | T84: 0.13 | U84: 0.13037795 | V84: 0.130757 | W84: 0.13113715 | X84: 0.13151841 | Y84: 0.13190078 | Z84: 0.13228426 | AA84: 0.13266885 | AB84: 0.13305456 | AC84: 0.13344139 | AD84: 0.13382935 | AE84: 0.13421843 | AF84: 0.13460865 | AG84: 0.135
B85: Head & neck cancer | D85: =D63*T85 -> 1.170195 | E85: =E63*U85 -> 1.2478999 | F85: =F63*V85 -> 1.3325812 | G85: =G63*W85 -> 1.4249995 | H85: =H63*X85 -> 1.5260115 | I85: =I63*Y85 -> 1.6365843 | J85: =J63*Z85 -> 1.7578107 | K85: =K63*AA85 -> 1.8909285 | ... Q85: =Q63*AG85 -> 3.0331627 | R85: =RATE(9,,-H85,Q85) -> 0.0793161 | S85: Head & neck cancer | T85: 0.02 | U85: 0.020216178 | V85: 0.020434693 | W85: 0.02065557 | X85: 0.020878835 | Y85: 0.021104512 | Z85: 0.021332629 | AA85: 0.021563212 | AB85: 0.021796287 | AC85: 0.022031881 | AD85: 0.022270022 | AE85: 0.022510737 | AF85: 0.022754053 | AG85: 0.023
B86: Others cancers | D86: =D63*T86 -> 7.02117 | E86: =E63*U86 -> 7.2514954 | F86: =F63*V86 -> 7.4951757 | G86: =G63*W86 -> 7.7530716 | H86: =H63*X86 -> 8.0260969 | I86: =I63*Y86 -> 8.3152198 | J86: =J63*Z86 -> 8.6214638 | K86: =K63*AA86 -> 8.9459076 | ... Q86: =Q63*AG86 -> 11.341391 | R86: =RATE(9,,-H86,Q86) -> 0.039165353 | S86: Others cancers | T86: =1-SUM(T80:T85) -> 0.12 | U86: =1-SUM(U80:U85) -> 0.11747538 | V86: =1-SUM(V80:V85) -> 0.11493605 | W86: =1-SUM(W80:W85) -> 0.11238188 | X86: =1-SUM(X80:X85) -> 0.10981277 | Y86: =1-SUM(Y80:Y85) -> 0.10722861 | Z86: =1-SUM(Z80:Z85) -> 0.10462929 | AA86: =1-SUM(AA80:AA85) -> 0.1020147 | ... AG86: =1-SUM(AG80:AG85) -> 0.086
D87: =D63=SUM(D80:D86) -> TRUE | E87: =E63=SUM(E80:E86) -> TRUE | F87: =F63=SUM(F80:F86) -> TRUE | G87: =G63=SUM(G80:G86) -> TRUE | H87: =H63=SUM(H80:H86) -> TRUE | I87: =I63=SUM(I80:I86) -> TRUE | J87: =J63=SUM(J80:J86) -> TRUE | K87: =K63=SUM(K80:K86) -> TRUE | ... Q87: =Q63=SUM(Q80:Q86) -> TRUE
A89: Israel Liquid Biopsy Market 2027-36 (USD Million)
D91: 2023 | E91: 2024 | F91: 2025 | G91: 2026 | H91: 2027 | I91: 2028 | J91: 2029 | K91: 2030 | L91: 2031 | M91: 2032 | N91: 2033 | O91: 2034 | P91: 2035 | Q91: 2036 | R91: CAGR (2024-2036)
D92: =#REF! -> #REF! | E92: =#REF! -> #REF! | F92: =#REF! -> #REF! | G92: =#REF! -> #REF! | H92: =#REF! -> #REF! | I92: =#REF! -> #REF! | J92: =#REF! -> #REF! | K92: =#REF! -> #REF! | ... Q92: =#REF! -> #REF! | R92: =RATE(12,,-E92,Q92) -> #REF! | T92: 2023 | U92: 2024 | V92: 2025 | W92: 2026 | X92: 2027 | Y92: 2028 | Z92: 2029 | AA92: 2030 | AB92: 2031 | AC92: 2032 | AD92: 2033 | AE92: 2034 | AF92: 2035 | AG92: 2036
A93: Test Type | B93: Phenotypic AST | D93: =D92*T93 -> #REF! | E93: =E92*U93 -> #REF! | F93: =F92*V93 -> #REF! | G93: =G92*W93 -> #REF! | H93: =H92*X93 -> #REF! | I93: =I92*Y93 -> #REF! | J93: =J92*Z93 -> #REF! | K93: =K92*AA93 -> #REF! | ... Q93: =Q92*AG93 -> #REF! | R93: =RATE(12,,-E93,Q93) -> #REF! | T93: 0.56 | U93: 0.56092161 | V93: 0.56184474 | W93: 0.56276939 | X93: 0.56369557 | Y93: 0.56462326 | Z93: 0.56555248 | AA93: 0.56648323 | AB93: 0.56741552 | AC93: 0.56834934 | AD93: 0.56928469 | AE93: 0.57022158 | AF93: 0.57116002 | AG93: 0.5721
B94: Genotypic AST | D94: =D92*T94 -> #REF! | E94: =E92*U94 -> #REF! | F94: =F92*V94 -> #REF! | G94: =G92*W94 -> #REF! | H94: =H92*X94 -> #REF! | I94: =I92*Y94 -> #REF! | J94: =J92*Z94 -> #REF! | K94: =K92*AA94 -> #REF! | ... Q94: =Q92*AG94 -> #REF! | R94: =RATE(12,,-E94,Q94) -> #REF! | T94: =1-T93 -> 0.44 | U94: =1-U93 -> 0.43907839 | V94: =1-V93 -> 0.43815526 | W94: =1-W93 -> 0.43723061 | X94: =1-X93 -> 0.43630443 | Y94: =1-Y93 -> 0.43537674 | Z94: =1-Z93 -> 0.43444752 | AA94: =1-AA93 -> 0.43351677 | ... AG94: =1-AG93 -> 0.4279
A96: Product | B96: Instruments | D96: =D92*T96 -> #REF! | E96: =E92*U96 -> #REF! | F96: =F92*V96 -> #REF! | G96: =G92*W96 -> #REF! | H96: =H92*X96 -> #REF! | I96: =I92*Y96 -> #REF! | J96: =J92*Z96 -> #REF! | K96: =K92*AA96 -> #REF! | ... Q96: =Q92*AG96 -> #REF! | R96: =RATE(12,,-E96,Q96) -> #REF! | T96: 0.471 | U96: 0.47038462 | V96: 0.46976923 | W96: 0.46915385 | X96: 0.46853846 | Y96: 0.46792308 | Z96: 0.46730769 | AA96: 0.46669231 | AB96: 0.46607692 | AC96: 0.46546154 | AD96: 0.46484615 | AE96: 0.46423077 | AF96: 0.46361538 | AG96: 0.463
B97: Consumables | D97: =D92*T97 -> #REF! | E97: =E92*U97 -> #REF! | F97: =F92*V97 -> #REF! | G97: =G92*W97 -> #REF! | H97: =H92*X97 -> #REF! | I97: =I92*Y97 -> #REF! | J97: =J92*Z97 -> #REF! | K97: =K92*AA97 -> #REF! | ... Q97: =Q92*AG97 -> #REF! | R97: =RATE(12,,-E97,Q97) -> #REF! | T97: =1-T96 -> 0.529 | U97: =1-U96 -> 0.52961538 | V97: =1-V96 -> 0.53023077 | W97: =1-W96 -> 0.53084615 | X97: =1-X96 -> 0.53146154 | Y97: =1-Y96 -> 0.53207692 | Z97: =1-Z96 -> 0.53269231 | AA97: =1-AA96 -> 0.53330769 | ... AG97: =1-AG96 -> 0.537
A99: Method | B99: Conventional | D99: =D92*T99 -> #REF! | E99: =E92*U99 -> #REF! | F99: =F92*V99 -> #REF! | G99: =G92*W99 -> #REF! | H99: =H92*X99 -> #REF! | I99: =I92*Y99 -> #REF! | J99: =J92*Z99 -> #REF! | K99: =K92*AA99 -> #REF! | ... Q99: =Q92*AG99 -> #REF! | R99: =RATE(12,,-E99,Q99) -> #REF! | T99: 0.401 | U99: 0.40265091 | V99: 0.40430861 | W99: 0.40597313 | X99: 0.40764451 | Y99: 0.40932277 | Z99: 0.41100794 | AA99: 0.41270005 | AB99: 0.41439913 | AC99: 0.4161052 | AD99: 0.41781829 | AE99: 0.41953843 | AF99: 0.42126566 | AG99: 0.423
B100: Automated | D100: =D92*T100 -> #REF! | E100: =E92*U100 -> #REF! | F100: =F92*V100 -> #REF! | G100: =G92*W100 -> #REF! | H100: =H92*X100 -> #REF! | I100: =I92*Y100 -> #REF! | J100: =J92*Z100 -> #REF! | K100: =K92*AA100 -> #REF! | ... Q100: =Q92*AG100 -> #REF! | R100: =RATE(12,,-E100,Q100) -> #REF! | T100: =1-T99 -> 0.599 | U100: =1-U99 -> 0.59734909 | V100: =1-V99 -> 0.59569139 | W100: =1-W99 -> 0.59402687 | X100: =1-X99 -> 0.59235549 | Y100: =1-Y99 -> 0.59067723 | Z100: =1-Z99 -> 0.58899206 | AA100: =1-AA99 -> 0.58729995 | ... AG100: =1-AG99 -> 0.577
A102: Technology | B102: Culture-Based | D102: =D92*T102 -> #REF! | E102: =E92*U102 -> #REF! | F102: =F92*V102 -> #REF! | G102: =G92*W102 -> #REF! | H102: =H92*X102 -> #REF! | I102: =I92*Y102 -> #REF! | J102: =J92*Z102 -> #REF! | K102: =K92*AA102 -> #REF! | ... Q102: =Q92*AG102 -> #REF! | R102: =RATE(12,,-E102,Q102) -> #REF! | T102: 0.25 | U102: 0.25155594 | V102: 0.25312155 | W102: 0.25469692 | X102: 0.25628209 | Y102: 0.25787712 | Z102: 0.25948208 | AA102: 0.26109703 | AB102: 0.26272203 | AC102: 0.26435714 | AD102: 0.26600243 | AE102: 0.26765796 | AF102: 0.2693238 | AG102: 0.271
B103: Molecular Technology | D103: =D92*T103 -> #REF! | E103: =E92*U103 -> #REF! | F103: =F92*V103 -> #REF! | G103: =G92*W103 -> #REF! | H103: =H92*X103 -> #REF! | I103: =I92*Y103 -> #REF! | J103: =J92*Z103 -> #REF! | K103: =K92*AA103 -> #REF! | ... Q103: =Q92*AG103 -> #REF! | R103: =RATE(12,,-E103,Q103) -> #REF! | T103: 0.38 | U103: 0.38090989 | V103: 0.38182196 | W103: 0.38273621 | X103: 0.38365265 | Y103: 0.38457129 | Z103: 0.38549212 | AA103: 0.38641516 | AB103: 0.38734041 | AC103: 0.38826788 | AD103: 0.38919756 | AE103: 0.39012948 | AF103: 0.39106362 | AG103: 0.392
B104: PCR | D104: =D103*T104 -> #REF! | E104: =E103*U104 -> #REF! | F104: =F103*V104 -> #REF! | G104: =G103*W104 -> #REF! | H104: =H103*X104 -> #REF! | I104: =I103*Y104 -> #REF! | J104: =J103*Z104 -> #REF! | K104: =K103*AA104 -> #REF! | ... Q104: =Q103*AG104 -> #REF! | R104: =RATE(12,,-E104,Q104) -> #REF! | T104: 0.35 | U104: 0.34938588 | V104: 0.34877285 | W104: 0.34816088 | X104: 0.34754999 | Y104: 0.34694018 | Z104: 0.34633143 | AA104: 0.34572375 | AB104: 0.34511714 | AC104: 0.34451159 | AD104: 0.3439071 | AE104: 0.34330368 | AF104: 0.34270131 | AG104: 0.3421
B105: Microarray | D105: =D103*T105 -> #REF! | E105: =E103*U105 -> #REF! | F105: =F103*V105 -> #REF! | G105: =G103*W105 -> #REF! | H105: =H103*X105 -> #REF! | I105: =I103*Y105 -> #REF! | J105: =J103*Z105 -> #REF! | K105: =K103*AA105 -> #REF! | ... Q105: =Q103*AG105 -> #REF! | R105: =RATE(12,,-E105,Q105) -> #REF! | T105: 0.28 | U105: 0.28097919 | V105: 0.2819618 | W105: 0.28294785 | X105: 0.28393735 | Y105: 0.2849303 | Z105: 0.28592673 | AA105: 0.28692665 | AB105: 0.28793006 | AC105: 0.28893698 | AD105: 0.28994742 | AE105: 0.2909614 | AF105: 0.29197892 | AG105: 0.293
B106: PNA-FISH | D106: =D103*T106 -> #REF! | E106: =E103*U106 -> #REF! | F106: =F103*V106 -> #REF! | G106: =G103*W106 -> #REF! | H106: =H103*X106 -> #REF! | I106: =I103*Y106 -> #REF! | J106: =J103*Z106 -> #REF! | K106: =K103*AA106 -> #REF! | ... Q106: =Q103*AG106 -> #REF! | R106: =RATE(12,,-E106,Q106) -> #REF! | T106: =1-SUM(T104:T105) -> 0.37 | U106: =1-SUM(U104:U105) -> 0.36963493 | V106: =1-SUM(V104:V105) -> 0.36926535 | W106: =1-SUM(W104:W105) -> 0.36889127 | X106: =1-SUM(X104:X105) -> 0.36851266 | Y106: =1-SUM(Y104:Y105) -> 0.36812952 | Z106: =1-SUM(Z104:Z105) -> 0.36774184 | AA106: =1-SUM(AA104:AA105) -> 0.3673496 | ... AG106: =1-SUM(AG104:AG105) -> 0.3649
B107: Proteomic Technologies | D107: =D92*T107 -> #REF! | E107: =E92*U107 -> #REF! | F107: =F92*V107 -> #REF! | G107: =G92*W107 -> #REF! | H107: =H92*X107 -> #REF! | I107: =I92*Y107 -> #REF! | J107: =J92*Z107 -> #REF! | K107: =K92*AA107 -> #REF! | ... Q107: =Q92*AG107 -> #REF! | R107: =RATE(12,,-E107,Q107) -> #REF! | T107: =1-SUM(T102+T103) -> 0.37 | U107: =1-SUM(U102+U103) -> 0.36753418 | V107: =1-SUM(V102+V103) -> 0.36505649 | W107: =1-SUM(W102+W103) -> 0.36256687 | X107: =1-SUM(X102+X103) -> 0.36006526 | Y107: =1-SUM(Y102+Y103) -> 0.3575516 | Z107: =1-SUM(Z102+Z103) -> 0.3550258 | AA107: =1-SUM(AA102+AA103) -> 0.35248781 | ... AG107: =1-SUM(AG102+AG103) -> 0.337
A109: Application | B109: Bacteremia | D109: =D92*T109 -> #REF! | E109: =E92*U109 -> #REF! | F109: =F92*V109 -> #REF! | G109: =G92*W109 -> #REF! | H109: =H92*X109 -> #REF! | I109: =I92*Y109 -> #REF! | J109: =J92*Z109 -> #REF! | K109: =K92*AA109 -> #REF! | ... Q109: =Q92*AG109 -> #REF! | R109: =RATE(12,,-E109,Q109) -> #REF! | T109: 0.401 | U109: 0.40265091 | V109: 0.40430861 | W109: 0.40597313 | X109: 0.40764451 | Y109: 0.40932277 | Z109: 0.41100794 | AA109: 0.41270005 | AB109: 0.41439913 | AC109: 0.4161052 | AD109: 0.41781829 | AE109: 0.41953843 | AF109: 0.42126566 | AG109: 0.423
B110: Fungemia | D110: =D92*T110 -> #REF! | E110: =E92*U110 -> #REF! | F110: =F92*V110 -> #REF! | G110: =G92*W110 -> #REF! | H110: =H92*X110 -> #REF! | I110: =I92*Y110 -> #REF! | J110: =J92*Z110 -> #REF! | K110: =K92*AA110 -> #REF! | ... Q110: =Q92*AG110 -> #REF! | R110: =RATE(12,,-E110,Q110) -> #REF! | T110: 0.431 | U110: 0.43183635 | V110: 0.43267432 | W110: 0.43351391 | X110: 0.43435514 | Y110: 0.43519799 | Z110: 0.43604249 | AA110: 0.43688862 | AB110: 0.43773639 | AC110: 0.43858581 | AD110: 0.43943688 | AE110: 0.4402896 | AF110: 0.44114397 | AG110: 0.442
B111: Mycobacterial Infection | D111: =D92*T111 -> #REF! | E111: =E92*U111 -> #REF! | F111: =F92*V111 -> #REF! | G111: =G92*W111 -> #REF! | H111: =H92*X111 -> #REF! | I111: =I92*Y111 -> #REF! | J111: =J92*Z111 -> #REF! | K111: =K92*AA111 -> #REF! | ... Q111: =Q92*AG111 -> #REF! | R111: =RATE(12,,-E111,Q111) -> #REF! | T111: =1-SUM(T109:T110) -> 0.168 | U111: =1-SUM(U109:U110) -> 0.16551275 | V111: =1-SUM(V109:V110) -> 0.16301708 | W111: =1-SUM(W109:W110) -> 0.16051295 | X111: =1-SUM(X109:X110) -> 0.15800035 | Y111: =1-SUM(Y109:Y110) -> 0.15547923 | Z111: =1-SUM(Z109:Z110) -> 0.15294957 | AA111: =1-SUM(AA109:AA110) -> 0.15041133 | ... AG111: =1-SUM(AG109:AG110) -> 0.135
D112: 2023 | E112: 2024 | F112: 2025 | G112: 2026 | H112: 2027 | I112: 2028 | J112: 2029 | K112: 2030 | L112: 2031 | M112: 2032 | N112: 2033 | O112: 2034 | P112: 2035 | Q112: 2036 | R112: CAGR (2027-2036)
D113: ='Market Analysis '!C61 -> 62.4104 | E113: ='Market Analysis '!D61 -> 66.903949 | F113: ='Market Analysis '!E61 -> 71.862901 | G113: ='Market Analysis '!F61 -> 77.346283 | H113: ='Market Analysis '!G61 -> 83.421878 | I113: ='Market Analysis '!H61 -> 90.167703 | J113: ='Market Analysis '!I61 -> 97.673757 | K113: ='Market Analysis '!J61 -> 106.04412 | ... Q113: ='Market Analysis '!P61 -> 182.76501 | R113: =RATE(9,,-E113,Q113) -> 0.11813303 | T113: 2023 | U113: 2024 | V113: 2025 | W113: 2026 | X113: 2027 | Y113: 2028 | Z113: 2029 | AA113: 2030 | AB113: 2031 | AC113: 2032 | AD113: 2033 | AE113: 2034 | AF113: 2035 | AG113: 2036
A114: Biomarker Type | B114: Circulating tumor cells | D114: =D113*T114 -> 21.84364 | E114: =E113*U114 -> 23.658146 | F114: =F113*V114 -> 25.674064 | G114: =G113*W114 -> 27.918382 | H114: =H113*X114 -> 30.422275 | I114: =I113*Y114 -> 33.221837 | J114: =J113*Z114 -> 36.35896 | K114: =K113*AA114 -> 39.88238 | ... Q114: =Q113*AG114 -> 73.106004 | R114: =RATE(9,,-H114,Q114) -> 0.10231779 | S114: Circulating tumor cells | T114: 0.35 | U114: 0.3536136 | V114: 0.35726451 | W114: 0.36095312 | X114: 0.36467981 | Y114: 0.36844498 | Z114: 0.37224902 | AA114: 0.37609233 | AB114: 0.37997533 | AC114: 0.38389841 | AD114: 0.387862 | AE114: 0.39186651 | AF114: 0.39591237 | AG114: 0.4
B115: Circulating tumor DNA | D115: =D113*T115 -> 18.72312 | E115: =E113*U115 -> 20.081446 | F115: =F113*V115 -> 21.58092 | G115: =G113*W115 -> 23.239492 | H115: =H113*X115 -> 25.077782 | I115: =I113*Y115 -> 27.119529 | J115: =J113*Z115 -> 29.392126 | K115: =K113*AA115 -> 31.927262 | ... Q115: =Q113*AG115 -> 55.195033 | R115: =RATE(9,,-H115,Q115) -> 0.091610929 | S115: Circulating tumor DNA | T115: 0.3 | U115: 0.30015337 | V115: 0.30030683 | W115: 0.30046036 | X115: 0.30061397 | Y115: 0.30076766 | Z115: 0.30092143 | AA115: 0.30107527 | AB115: 0.3012292 | AC115: 0.3013832 | AD115: 0.30153728 | AE115: 0.30169144 | AF115: 0.30184568 | AG115: 0.302
B116: Exosomes | D116: =D113*T116 -> 9.36156 | E116: =E113*U116 -> 10.050891 | F116: =F113*V116 -> 10.812325 | G116: =G113*W116 -> 11.655083 | H116: =H113*X116 -> 12.589759 | I116: =I113*Y116 -> 13.628562 | J116: =J113*Z116 -> 14.785583 | K116: =K113*AA116 -> 16.077137 | ... Q116: =Q113*AG116 -> 27.963047 | R116: =RATE(9,,-H116,Q116) -> 0.092716373 | S116: Exosomes | T116: 0.15 | U116: 0.15022867 | V116: 0.15045768 | W116: 0.15068704 | X116: 0.15091676 | Y116: 0.15114682 | Z116: 0.15137724 | AA116: 0.151608 | AB116: 0.15183912 | AC116: 0.15207059 | AD116: 0.15230241 | AE116: 0.15253459 | AF116: 0.15276712 | AG116: 0.153
B117: Circulating RNA & proteins | D117: =D113*T117 -> 7.489248 | E117: =E113*U117 -> 8.0386884 | F117: =F113*V117 -> 8.6455054 | G117: =G113*W117 -> 9.3170256 | H117: =H113*X117 -> 10.061669 | I117: =I113*Y117 -> 10.889132 | J117: =J113*Z117 -> 11.81061 | K117: =K113*AA117 -> 12.83906 | ... Q117: =Q113*AG117 -> 22.297331 | R117: =RATE(9,,-H117,Q117) -> 0.092441268 | S117: Circulating RNA & proteins | T117: 0.12 | U117: 0.12015268 | V117: 0.12030554 | W117: 0.12045861 | X117: 0.12061187 | Y117: 0.12076532 | Z117: 0.12091897 | AA117: 0.12107281 | AB117: 0.12122685 | AC117: 0.12138109 | AD117: 0.12153552 | AE117: 0.12169015 | AF117: 0.12184498 | AG117: 0.122
B118: Nucleosomes | D118: =D113*T118 -> 4.992832 | E118: =E113*U118 -> 5.074777 | F118: =F113*V118 -> 5.1500858 | G118: =G113*W118 -> 5.2163003 | H118: =H113*X118 -> 5.2703936 | I118: =I113*Y118 -> 5.3086436 | J118: =J113*Z118 -> 5.3264775 | K118: =K113*AA118 -> 5.3182804 | ... Q118: =Q113*AG118 -> 4.2035952 | R118: =RATE(9,,-H118,Q118) -> -0.024816316 | S118: Nucleosomes | T118: =1-SUM(T114:T117) -> 0.08 | U118: =1-SUM(U114:U117) -> 0.075851681 | V118: =1-SUM(V114:V117) -> 0.071665432 | W118: =1-SUM(W114:W117) -> 0.067440866 | X118: =1-SUM(X114:X117) -> 0.063177595 | Y118: =1-SUM(Y114:Y117) -> 0.058875223 | Z118: =1-SUM(Z114:Z117) -> 0.054533353 | AA118: =1-SUM(AA114:AA117) -> 0.050151583 | ... AG118: =1-SUM(AG114:AG117) -> 0.023
D119: =D113=SUM(D114:D118) -> TRUE | E119: =E113=SUM(E114:E118) -> TRUE | F119: =F113=SUM(F114:F118) -> TRUE | G119: =G113=SUM(G114:G118) -> TRUE | H119: =H113=SUM(H114:H118) -> TRUE | I119: =I113=SUM(I114:I118) -> TRUE | J119: =J113=SUM(J114:J118) -> TRUE | K119: =K113=SUM(K114:K118) -> TRUE | ... Q119: =Q113=SUM(Q114:Q118) -> TRUE
A120: Sample | B120: Blood | D120: =D113*T120 -> 43.68728 | E120: =E113*U120 -> 46.858412 | F120: =F113*V120 -> 50.359143 | G120: =G113*W120 -> 54.2314 | H120: =H113*X120 -> 58.52334 | I120: =I113*Y120 -> 63.290412 | J120: =J113*Z120 -> 68.596599 | K120: =K113*AA120 -> 74.515917 | ... Q120: =Q113*AG120 -> 128.84933 | R120: =RATE(9,,-H120,Q120) -> 0.091650641 | S120: Blood | T120: 0.7 | U120: 0.70038335 | V120: 0.70076692 | W120: 0.70115069 | X120: 0.70153467 | Y120: 0.70191887 | Z120: 0.70230327 | AA120: 0.70268789 | AB120: 0.70307271 | AC120: 0.70345775 | AD120: 0.70384299 | AE120: 0.70422845 | AF120: 0.70461412 | AG120: 0.705
B121: Urine | D121: =D113*T121 -> 12.48208 | E121: =E113*U121 -> 13.391035 | F121: =F113*V121 -> 14.394599 | G121: =G113*W121 -> 15.504818 | H121: =H113*X121 -> 16.735536 | I121: =I113*Y121 -> 18.102688 | J121: =J113*Z121 -> 19.62467 | K121: =K113*AA121 -> 21.322763 | ... Q121: =Q113*AG121 -> 36.918532 | R121: =RATE(9,,-H121,Q121) -> 0.091888551 | S121: Urine | T121: 0.2 | U121: 0.20015314 | V121: 0.2003064 | W121: 0.20045977 | X121: 0.20061327 | Y121: 0.20076688 | Z121: 0.2009206 | AA121: 0.20107445 | AB121: 0.20122841 | AC121: 0.20138249 | AD121: 0.20153669 | AE121: 0.20169101 | AF121: 0.20184545 | AG121: 0.202
B122: Others (Serum) | D122: =D113*T122 -> 6.24104 | E122: =E113*U122 -> 6.6545013 | F122: =F113*V122 -> 7.1091585 | G122: =G113*W122 -> 7.6100649 | H122: =H113*X122 -> 8.1630027 | I122: =I113*Y122 -> 8.774603 | J122: =J113*Z122 -> 9.4524877 | K122: =K113*AA122 -> 10.205438 | ... Q122: =Q113*AG122 -> 16.997146 | R122: =RATE(9,,-H122,Q122) -> 0.084905185 | S122: Others (Serum) | T122: =1-SUM(T120:T121) -> 0.1 | U122: =1-SUM(U120:U121) -> 0.099463506 | V122: =1-SUM(V120:V121) -> 0.098926685 | W122: =1-SUM(W120:W121) -> 0.098389537 | X122: =1-SUM(X120:X121) -> 0.097852061 | Y122: =1-SUM(Y120:Y121) -> 0.097314257 | Z122: =1-SUM(Z120:Z121) -> 0.096776125 | AA122: =1-SUM(AA120:AA121) -> 0.096237665 | ... AG122: =1-SUM(AG120:AG121) -> 0.093
...

Sheet Latin America
A2: Latin America Liquid Biopsy Market, 2027-36 (USD Million)
D13: 2023 | E13: 2024 | F13: 2025 | G13: 2026 | H13: 2027 | I13: 2028 | J13: 2029 | K13: 2030 | L13: 2031 | M13: 2032 | N13: 2033 | O13: 2034 | P13: 2035 | Q13: 2036 | R13: CAGR (2027-2036)
D14: =SUM(D63+D113+D163+D212+D261) -> 977.457 | E14: =SUM(E63+E113+E163+E212+E261) -> 1097.2402 | F14: =SUM(F63+F113+F163+F212+F261) -> 1233.1111 | G14: =SUM(G63+G113+G163+G212+G261) -> 1387.4368 | H14: =SUM(H63+H113+H163+H212+H261) -> 1562.9683 | I14: =SUM(I63+I113+I163+I212+I261) -> 1762.9101 | J14: =SUM(J63+J113+J163+J212+J261) -> 1991.0027 | K14: =SUM(K63+K113+K163+K212+K261) -> 2251.6241 | ... Q14: =SUM(Q63+Q113+Q163+Q212+Q261) -> 4860.8939 | R14: =RATE(9,,-H14,Q14) -> 0.13436227 | T14: 2023 | U14: 2024 | V14: 2025 | W14: 2026 | X14: 2027 | Y14: 2028 | Z14: 2029 | AA14: 2030 | AB14: 2031 | AC14: 2032 | AD14: 2033 | AE14: 2034 | AF14: 2035 | AG14: 2036
A15: Biomarker Type | B15: Circulating tumor cells | D15: =D14*T15 -> 293.2371 | E15: =E14*U15 -> 333.09854 | F15: =F14*V15 -> 378.81134 | G15: =G14*W15 -> 431.30423 | H15: =H14*X15 -> 491.66631 | I15: =I14*Y15 -> 561.1774 | J15: =J14*Z15 -> 641.34487 | K15: =K14*AA15 -> 733.94822 | ... Q15: =Q14*AG15 -> 1701.3129 | R15: =RATE(9,,-H15,Q15) -> 0.14789331 | S15: Circulating tumor cells | T15: 0.3 | U15: 0.3035785 | V15: 0.30719968 | W15: 0.31086406 | X15: 0.31457215 | Y15: 0.31832447 | Z15: 0.32212154 | AA15: 0.32596392 | AB15: 0.32985212 | AC15: 0.3337867 | AD15: 0.33776822 | AE15: 0.34179723 | AF15: 0.3458743 | AG15: 0.35
B16: Circulating tumor DNA | D16: =D14*T16 -> 195.4914 | E16: =E14*U16 -> 220.2732 | F16: =F14*V16 -> 248.48038 | G16: =G14*W16 -> 280.62932 | H16: =H14*X16 -> 317.32184 | I16: =I14*Y16 -> 359.26084 | J16: =J14*Z16 -> 407.26916 | K16: =K14*AA16 -> 462.31237 | ... Q16: =Q14*AG16 -> 1020.7877 | R16: =RATE(9,,-H16,Q16) -> 0.13862763 | S16: Circulating tumor DNA | T16: 0.2 | U16: 0.20075203 | V16: 0.20150688 | W16: 0.20226458 | X16: 0.20302512 | Y16: 0.20378853 | Z16: 0.2045548 | AA16: 0.20532395 | AB16: 0.206096 | AC16: 0.20687095 | AD16: 0.20764881 | AE16: 0.2084296 | AF16: 0.20921333 | AG16: 0.21
B17: Exosomes | D17: =D14*T17 -> 97.7457 | E17: =E14*U17 -> 111.27371 | F17: =F14*V17 -> 126.81889 | G17: =G14*W17 -> 144.70575 | H17: =H14*X17 -> 165.31553 | I17: =I14*Y17 -> 189.09693 | J17: =J14*Z17 -> 216.57935 | K17: =K14*AA17 -> 248.38877 | ... Q17: =Q14*AG17 -> 583.30727 | R17: =RATE(9,,-H17,Q17) -> 0.15038349 | S17: Exosomes | T17: 0.1 | U17: 0.10141235 | V17: 0.10284466 | W17: 0.10429719 | X17: 0.10577023 | Y17: 0.10726408 | Z17: 0.10877903 | AA17: 0.11031538 | AB17: 0.11187342 | AC17: 0.11345347 | AD17: 0.11505584 | AE17: 0.11668083 | AF17: 0.11832878 | AG17: 0.12
B18: Circulating RNA & proteins | D18: =D14*T18 -> 68.42199 | E18: =E14*U18 -> 77.215524 | F18: =F14*V18 -> 87.238859 | G18: =G14*W18 -> 98.679249 | H18: =H14*X18 -> 111.75518 | I18: =I14*Y18 -> 126.72214 | J18: =J14*Z18 -> 143.87955 | K18: =K14*AA18 -> 163.57916 | ... Q18: =Q14*AG18 -> 364.56704 | R18: =RATE(9,,-H18,Q18) -> 0.1403985 | S18: Circulating RNA & proteins | T18: 0.07 | U18: 0.070372488 | V18: 0.070746957 | W18: 0.07112342 | X18: 0.071501885 | Y18: 0.071882365 | Z18: 0.072264869 | AA18: 0.072649409 | AB18: 0.073035994 | AC18: 0.073424637 | AD18: 0.073815348 | AE18: 0.074208138 | AF18: 0.074603019 | AG18: 0.075
B19: Nucleosomes | D19: =D14*T19 -> 322.56081 | E19: =E14*U19 -> 355.37925 | F19: =F14*V19 -> 391.76165 | G19: =G14*W19 -> 432.11824 | H19: =H14*X19 -> 476.90949 | I19: =I14*Y19 -> 526.65274 | J19: =J14*Z19 -> 581.92979 | K19: =K14*AA19 -> 643.39562 | ... Q19: =Q14*AG19 -> 1190.919 | R19: =RATE(9,,-H19,Q19) -> 0.10703333 | S19: Nucleosomes | T19: =1-SUM(T15:T18) -> 0.33 | U19: =1-SUM(U15:U18) -> 0.32388463 | V19: =1-SUM(V15:V18) -> 0.31770182 | W19: =1-SUM(W15:W18) -> 0.31145076 | X19: =1-SUM(X15:X18) -> 0.30513061 | Y19: =1-SUM(Y15:Y18) -> 0.29874056 | Z19: =1-SUM(Z15:Z18) -> 0.29227976 | AA19: =1-SUM(AA15:AA18) -> 0.28574734 | ... AG19: =1-SUM(AG15:AG18) -> 0.245
D20: =D14=SUM(D15:D19) -> TRUE | E20: =E14=SUM(E15:E19) -> TRUE | F20: =F14=SUM(F15:F19) -> TRUE | G20: =G14=SUM(G15:G19) -> TRUE | H20: =H14=SUM(H15:H19) -> TRUE | I20: =I14=SUM(I15:I19) -> TRUE | J20: =J14=SUM(J15:J19) -> TRUE | K20: =K14=SUM(K15:K19) -> TRUE | ... Q20: =Q14=SUM(Q15:Q19) -> TRUE
A21: Sample | B21: Blood | D21: =D14*T21 -> 684.2199 | E21: =E14*U21 -> 768.15256 | F21: =F14*V21 -> 863.36749 | G21: =G14*W21 -> 971.52593 | H21: =H14*X21 -> 1094.5588 | I21: =I14*Y21 -> 1234.7151 | J21: =J14*Z21 -> 1394.6208 | K21: =K14*AA21 -> 1577.3493 | ... Q21: =Q14*AG21 -> 3407.4866 | R21: =RATE(9,,-H21,Q21) -> 0.13448682 | S21: Blood | T21: 0.7 | U21: 0.70007692 | V21: 0.70015385 | W21: 0.70023077 | X21: 0.70030769 | Y21: 0.70038462 | Z21: 0.70046154 | AA21: 0.70053846 | AB21: 0.70061538 | AC21: 0.70069231 | AD21: 0.70076923 | AE21: 0.70084615 | AF21: 0.70092308 | AG21: 0.701
B22: Urine | D22: =D14*T22 -> 195.4914 | E22: =E14*U22 -> 219.53245 | F22: =F14*V22 -> 246.81193 | G22: =G14*W22 -> 277.80754 | H22: =H14*X22 -> 313.07458 | I22: =I14*Y22 -> 353.26005 | J22: =J14*Z22 -> 399.11947 | K22: =K14*AA22 -> 451.53724 | ... Q22: =Q14*AG22 -> 977.03967 | R22: =RATE(9,,-H22,Q22) -> 0.13479723 | S22: Urine | T22: 0.2 | U22: 0.20007692 | V22: 0.20015385 | W22: 0.20023077 | X22: 0.20030769 | Y22: 0.20038462 | Z22: 0.20046154 | AA22: 0.20053846 | AB22: 0.20061538 | AC22: 0.20069231 | AD22: 0.20076923 | AE22: 0.20084615 | AF22: 0.20092308 | AG22: 0.201
B23: Others (Serum) | D23: =D14*T23 -> 97.7457 | E23: =E14*U23 -> 109.55522 | F23: =F14*V23 -> 122.93169 | G23: =G14*W23 -> 138.10332 | H23: =H14*X23 -> 155.33501 | I23: =I14*Y23 -> 174.93492 | J23: =J14*Z23 -> 197.26242 | K23: =K14*AA23 -> 222.73759 | ... Q23: =Q14*AG23 -> 476.3676 | R23: =RATE(9,,-H23,Q23) -> 0.13259532 | S23: Others (Serum) | T23: =1-SUM(T21:T22) -> 0.1 | U23: =1-SUM(U21:U22) -> 0.099846154 | V23: =1-SUM(V21:V22) -> 0.099692308 | W23: =1-SUM(W21:W22) -> 0.099538462 | X23: =1-SUM(X21:X22) -> 0.099384615 | Y23: =1-SUM(Y21:Y22) -> 0.099230769 | Z23: =1-SUM(Z21:Z22) -> 0.099076923 | AA23: =1-SUM(AA21:AA22) -> 0.098923077 | ... AG23: =1-SUM(AG21:AG22) -> 0.098
D24: =D14=SUM(D21:D23) -> TRUE | E24: =E14=SUM(E21:E23) -> TRUE | F24: =F14=SUM(F21:F23) -> TRUE | G24: =G14=SUM(G21:G23) -> TRUE | H24: =H14=SUM(H21:H23) -> TRUE | I24: =I14=SUM(I21:I23) -> TRUE | J24: =J14=SUM(J21:J23) -> TRUE | K24: =K14=SUM(K21:K23) -> TRUE | ... Q24: =Q14=SUM(Q21:Q23) -> TRUE
A25: Clinical Application | B25: Early disease screening | D25: =D14*T25 -> 293.2371 | E25: =E14*U25 -> 331.8252 | F25: =F14*V25 -> 375.92069 | G25: =G14*W25 -> 426.37684 | H25: =H14*X25 -> 484.19128 | I25: =I14*Y25 -> 550.53296 | J25: =J14*Z25 -> 626.77463 | K25: =K14*AA25 -> 714.53224 | ... Q25: =Q14*AG25 -> 1618.6777 | R25: =RATE(9,,-H25,Q25) -> 0.14350523 | S25: Early disease screening | T25: 0.3 | U25: 0.302418 | V25: 0.30485549 | W25: 0.30731263 | X25: 0.30978957 | Y25: 0.31228647 | Z25: 0.3148035 | AA25: 0.31734082 | AB25: 0.31989858 | AC25: 0.32247697 | AD25: 0.32507613 | AE25: 0.32769625 | AF25: 0.33033748 | AG25: 0.333
B26: Therapy selection | D26: =D14*T26 -> 195.4914 | E26: =E14*U26 -> 221.06285 | F26: =F14*V26 -> 250.26511 | G26: =G14*W26 -> 283.65821 | H26: =H14*X26 -> 321.8966 | I26: =I14*Y26 -> 365.7467 | J26: =J14*Z26 -> 416.1081 | K26: =K14*AA26 -> 474.0392 | ... Q26: =Q14*AG26 -> 1069.3967 | R26: =RATE(9,,-H26,Q26) -> 0.14270947 | S26: Therapy selection | T26: 0.2 | U26: 0.2014717 | V26: 0.20295423 | W26: 0.20444766 | X26: 0.20595209 | Y26: 0.20746759 | Z26: 0.20899424 | AA26: 0.21053212 | AB26: 0.21208132 | AC26: 0.21364192 | AD26: 0.215214 | AE26: 0.21679765 | AF26: 0.21839296 | AG26: 0.22
B27: Treatment response monitoring | D27: =D14*T27 -> 146.61855 | E27: =E14*U27 -> 165.79714 | F27: =F14*V27 -> 187.69883 | G27: =G14*W27 -> 212.74366 | H27: =H14*X27 -> 241.42245 | I27: =I14*Y27 -> 274.31002 | J27: =J14*Z27 -> 312.08107 | K27: =K14*AA27 -> 355.5294 | ... Q27: =Q14*AG27 -> 802.04749 | R27: =RATE(9,,-H27,Q27) -> 0.14270947 | S27: Treatment response monitoring | T27: 0.15 | U27: 0.15110377 | V27: 0.15221567 | W27: 0.15333575 | X27: 0.15446407 | Y27: 0.15560069 | Z27: 0.15674568 | AA27: 0.15789909 | AB27: 0.15906099 | AC27: 0.16023144 | AD27: 0.1614105 | AE27: 0.16259824 | AF27: 0.16379472 | AG27: 0.165
B28: Molecular health monitoring | D28: =D14*T28 -> 68.42199 | E28: =E14*U28 -> 77.215524 | F28: =F14*V28 -> 87.238859 | G28: =G14*W28 -> 98.679249 | H28: =H14*X28 -> 111.75518 | I28: =I14*Y28 -> 126.72214 | J28: =J14*Z28 -> 143.87955 | K28: =K14*AA28 -> 163.57916 | ... Q28: =Q14*AG28 -> 364.56704 | R28: =RATE(9,,-H28,Q28) -> 0.1403985 | S28: Molecular health monitoring | T28: 0.07 | U28: 0.070372488 | V28: 0.070746957 | W28: 0.07112342 | X28: 0.071501885 | Y28: 0.071882365 | Z28: 0.072264869 | AA28: 0.072649409 | AB28: 0.073035994 | AC28: 0.073424637 | AD28: 0.073815348 | AE28: 0.074208138 | AF28: 0.074603019 | AG28: 0.075
B29: Others | D29: =D14*T29 -> 273.68796 | E29: =E14*U29 -> 301.33951 | F29: =F14*V29 -> 331.98761 | G29: =G14*W29 -> 365.97883 | H29: =H14*X29 -> 403.70283 | I29: =I14*Y29 -> 445.59823 | J29: =J14*Z29 -> 492.15938 | K29: =K14*AA29 -> 543.94413 | ... Q29: =Q14*AG29 -> 1006.205 | R29: =RATE(9,,-H29,Q29) -> 0.10680066 | S29: Others | T29: =1-SUM(T25:T28) -> 0.28 | U29: =1-SUM(U25:U28) -> 0.27463404 | V29: =1-SUM(V25:V28) -> 0.26922766 | W29: =1-SUM(W25:W28) -> 0.26378054 | X29: =1-SUM(X25:X28) -> 0.25829239 | Y29: =1-SUM(Y25:Y28) -> 0.25276288 | Z29: =1-SUM(Z25:Z28) -> 0.24719171 | AA29: =1-SUM(AA25:AA28) -> 0.24157856 | ... AG29: =1-SUM(AG25:AG28) -> 0.207
D30: =D14=SUM(D25:D29) -> TRUE | E30: =E14=SUM(E25:E29) -> TRUE | F30: =F14=SUM(F25:F29) -> TRUE | G30: =G14=SUM(G25:G29) -> TRUE | H30: =H14=SUM(H25:H29) -> TRUE | I30: =I14=SUM(I25:I29) -> TRUE | J30: =J14=SUM(J25:J29) -> TRUE | K30: =K14=SUM(K25:K29) -> TRUE | ... Q30: =Q14=SUM(Q25:Q29) -> TRUE
A31: Disease Indication | B31: Lung cancer | D31: =D14*T31 -> 244.36425 | E31: =E14*U31 -> 271.62589 | F31: =F14*V31 -> 302.27421 | G31: =G14*W31 -> 336.7763 | H31: =H14*X31 -> 375.67123 | I31: =I14*Y31 -> 419.58248 | J31: =J14*Z31 -> 469.23293 | K31: =K14*AA31 -> 525.46278 | ... Q31: =Q14*AG31 -> 1069.3967 | R31: =RATE(9,,-H31,Q31) -> 0.12326237 | S31: Lung cancer | T31: 0.25 | U31: 0.24755371 | V31: 0.24513136 | W31: 0.24273272 | X31: 0.24035754 | Y31: 0.23800561 | Z31: 0.23567669 | AA31: 0.23337056 | AB31: 0.23108699 | AC31: 0.22882577 | AD31: 0.22658668 | AE31: 0.22436949 | AF31: 0.22217401 | AG31: 0.22
B32: Colorectal cancer | D32: =D14*T32 -> 195.4914 | E32: =E14*U32 -> 220.67226 | F32: =F14*V32 -> 249.38153 | G32: =G14*W32 -> 282.15731 | H32: =H14*X32 -> 319.62763 | I32: =I14*Y32 -> 362.52698 | J32: =J14*Z32 -> 411.7163 | K32: =K14*AA32 -> 468.20726 | ... Q32: =Q14*AG32 -> 1045.0922 | R32: =RATE(9,,-H32,Q32) -> 0.14069046 | S32: Colorectal cancer | T32: 0.2 | U32: 0.20111573 | V32: 0.20223768 | W32: 0.20336589 | X32: 0.20450039 | Y32: 0.20564122 | Z32: 0.20678842 | AA32: 0.20794201 | AB32: 0.20910205 | AC32: 0.21026855 | AD32: 0.21144156 | AE32: 0.21262111 | AF32: 0.21380725 | AG32: 0.215
B33: Breast cancer | D33: =D14*T33 -> 175.94226 | E33: =E14*U33 -> 197.67119 | F33: =F14*V33 -> 222.33765 | G33: =G14*W33 -> 250.37626 | H33: =H14*X33 -> 282.29245 | I33: =I14*Y33 -> 318.67529 | J33: =J14*Z33 -> 360.21287 | K33: =K14*AA33 -> 407.71099 | ... Q33: =Q14*AG33 -> 884.68269 | R33: =RATE(9,,-H33,Q33) -> 0.13532687 | S33: Breast cancer | T33: 0.18 | U33: 0.18015306 | V33: 0.18030626 | W33: 0.18045958 | X33: 0.18061303 | Y33: 0.18076662 | Z33: 0.18092033 | AA33: 0.18107418 | AB33: 0.18122815 | AC33: 0.18138226 | AD33: 0.1815365 | AE33: 0.18169087 | AF33: 0.18184537 | AG33: 0.182
B34: Prostate cancer | D34: =D14*T34 -> 117.29484 | E34: =E14*U34 -> 131.91916 | F34: =F14*V34 -> 148.53653 | G34: =G14*W34 -> 167.44385 | H34: =H14*X34 -> 188.98663 | I34: =I14*Y34 -> 213.56789 | J34: =J14*Z34 -> 241.65878 | K34: =K14*AA34 -> 273.8114 | ... Q34: =Q14*AG34 -> 597.88995 | R34: =RATE(9,,-H34,Q34) -> 0.13651896 | S34: Prostate cancer | T34: 0.12 | U34: 0.12022815 | V34: 0.12045673 | W34: 0.12068575 | X34: 0.1209152 | Y34: 0.12114509 | Z34: 0.12137541 | AA34: 0.12160618 | AB34: 0.12183738 | AC34: 0.12206902 | AD34: 0.1223011 | AE34: 0.12253363 | AF34: 0.12276659 | AG34: 0.123
B35: Liver cancer | D35: =D14*T35 -> 97.7457 | E35: =E14*U35 -> 110.1366 | F35: =F14*V35 -> 124.24019 | G35: =G14*W35 -> 140.31466 | H35: =H14*X35 -> 158.66092 | I35: =I14*Y35 -> 179.63042 | J35: =J14*Z35 -> 203.63458 | K35: =K14*AA35 -> 231.15619 | ... Q35: =Q14*AG35 -> 510.39386 | R35: =RATE(9,,-H35,Q35) -> 0.13862763 | S35: Liver cancer | T35: 0.1 | U35: 0.10037601 | V35: 0.10075344 | W35: 0.10113229 | X35: 0.10151256 | Y35: 0.10189426 | Z35: 0.1022774 | AA35: 0.10266198 | AB35: 0.103048 | AC35: 0.10343548 | AD35: 0.10382441 | AE35: 0.1042148 | AF35: 0.10460666 | AG35: 0.105
B36: Head & neck cancer | D36: =D14*T36 -> 127.06941 | E36: =E14*U36 -> 142.97414 | F36: =F14*V36 -> 161.05359 | G36: =G14*W36 -> 181.63261 | H36: =H14*X36 -> 205.0894 | I36: =I14*Y36 -> 231.86522 | J36: =J14*Z36 -> 262.47607 | K36: =K14*AA36 -> 297.52686 | ... Q36: =Q14*AG36 -> 651.35978 | R36: =RATE(9,,-H36,Q36) -> 0.13700976 | S36: Head & neck cancer | T36: 0.13 | U36: 0.13030341 | V36: 0.13060752 | W36: 0.13091235 | X36: 0.13121788 | Y36: 0.13152413 | Z36: 0.1318311 | AA36: 0.13213878 | AB36: 0.13244718 | AC36: 0.13275629 | AD36: 0.13306613 | AE36: 0.1333767 | AF36: 0.13368799 | AG36: 0.134
B37: Others cancers | D37: =D14*T37 -> 19.54914 | E37: =E14*U37 -> 22.240981 | F37: =F14*V37 -> 25.287421 | G37: =G14*W37 -> 28.735806 | H37: =H14*X37 -> 32.640082 | I37: =I14*Y37 -> 37.061783 | J37: =J14*Z37 -> 42.071188 | K37: =K14*AA37 -> 47.748665 | ... Q37: =Q14*AG37 -> 102.07877 | R37: =RATE(9,,-H37,Q37) -> 0.13506431 | S37: Others cancers | T37: =1-SUM(T31:T36) -> 0.02 | U37: =1-SUM(U31:U36) -> 0.020269928 | V37: =1-SUM(V31:V36) -> 0.020507009 | W37: =1-SUM(W31:W36) -> 0.020711434 | X37: =1-SUM(X31:X36) -> 0.020883393 | Y37: =1-SUM(Y31:Y36) -> 0.021023071 | Z37: =1-SUM(Z31:Z36) -> 0.021130653 | AA37: =1-SUM(AA31:AA36) -> 0.021206321 | ... AG37: =1-SUM(AG31:AG36) -> 0.021
D38: =D14=SUM(D31:D37) -> TRUE | E38: =E14=SUM(E31:E37) -> TRUE | F38: =F14=SUM(F31:F37) -> TRUE | G38: =G14=SUM(G31:G37) -> TRUE | H38: =H14=SUM(H31:H37) -> TRUE | I38: =I14=SUM(I31:I37) -> TRUE | J38: =J14=SUM(J31:J37) -> TRUE | K38: =K14=SUM(K31:K37) -> TRUE | ... Q38: =Q14=SUM(Q31:Q37) -> TRUE
A39: Brazil Liquid Biopsy Market 2027-36 (USD Million)
D41: 2023 | E41: 2024 | F41: 2025 | G41: 2026 | H41: 2027 | I41: 2028 | J41: 2029 | K41: 2030 | L41: 2031 | M41: 2032 | N41: 2033 | O41: 2034 | P41: 2035 | Q41: 2036 | R41: CAGR (2024-2036)
D42: =#REF! -> #REF! | E42: =#REF! -> #REF! | F42: =#REF! -> #REF! | G42: =#REF! -> #REF! | H42: =#REF! -> #REF! | I42: =#REF! -> #REF! | J42: =#REF! -> #REF! | K42: =#REF! -> #REF! | ... Q42: =#REF! -> #REF! | R42: =RATE(12,,-E42,Q42) -> #REF! | T42: 2023 | U42: 2024 | V42: 2025 | W42: 2026 | X42: 2027 | Y42: 2028 | Z42: 2029 | AA42: 2030 | AB42: 2031 | AC42: 2032 | AD42: 2033 | AE42: 2034 | AF42: 2035 | AG42: 2036
A43: Test Type | B43: Phenotypic AST | D43: =D42*T43 -> #REF! | E43: =E42*U43 -> #REF! | F43: =F42*V43 -> #REF! | G43: =G42*W43 -> #REF! | H43: =H42*X43 -> #REF! | I43: =I42*Y43 -> #REF! | J43: =J42*Z43 -> #REF! | K43: =K42*AA43 -> #REF! | ... Q43: =Q42*AG43 -> #REF! | R43: =RATE(12,,-E43,Q43) -> #REF! | T43: 0.56 | U43: 0.56092161 | V43: 0.56184474 | W43: 0.56276939 | X43: 0.56369557 | Y43: 0.56462326 | Z43: 0.56555248 | AA43: 0.56648323 | AB43: 0.56741552 | AC43: 0.56834934 | AD43: 0.56928469 | AE43: 0.57022158 | AF43: 0.57116002 | AG43: 0.5721
B44: Genotypic AST | D44: =D42*T44 -> #REF! | E44: =E42*U44 -> #REF! | F44: =F42*V44 -> #REF! | G44: =G42*W44 -> #REF! | H44: =H42*X44 -> #REF! | I44: =I42*Y44 -> #REF! | J44: =J42*Z44 -> #REF! | K44: =K42*AA44 -> #REF! | ... Q44: =Q42*AG44 -> #REF! | R44: =RATE(12,,-E44,Q44) -> #REF! | T44: =1-T43 -> 0.44 | U44: =1-U43 -> 0.43907839 | V44: =1-V43 -> 0.43815526 | W44: =1-W43 -> 0.43723061 | X44: =1-X43 -> 0.43630443 | Y44: =1-Y43 -> 0.43537674 | Z44: =1-Z43 -> 0.43444752 | AA44: =1-AA43 -> 0.43351677 | ... AG44: =1-AG43 -> 0.4279
A46: Product | B46: Instruments | D46: =D42*T46 -> #REF! | E46: =E42*U46 -> #REF! | F46: =F42*V46 -> #REF! | G46: =G42*W46 -> #REF! | H46: =H42*X46 -> #REF! | I46: =I42*Y46 -> #REF! | J46: =J42*Z46 -> #REF! | K46: =K42*AA46 -> #REF! | ... Q46: =Q42*AG46 -> #REF! | R46: =RATE(12,,-E46,Q46) -> #REF! | T46: 0.471 | U46: 0.47038462 | V46: 0.46976923 | W46: 0.46915385 | X46: 0.46853846 | Y46: 0.46792308 | Z46: 0.46730769 | AA46: 0.46669231 | AB46: 0.46607692 | AC46: 0.46546154 | AD46: 0.46484615 | AE46: 0.46423077 | AF46: 0.46361538 | AG46: 0.463
B47: Consumables | D47: =D42*T47 -> #REF! | E47: =E42*U47 -> #REF! | F47: =F42*V47 -> #REF! | G47: =G42*W47 -> #REF! | H47: =H42*X47 -> #REF! | I47: =I42*Y47 -> #REF! | J47: =J42*Z47 -> #REF! | K47: =K42*AA47 -> #REF! | ... Q47: =Q42*AG47 -> #REF! | R47: =RATE(12,,-E47,Q47) -> #REF! | T47: =1-T46 -> 0.529 | U47: =1-U46 -> 0.52961538 | V47: =1-V46 -> 0.53023077 | W47: =1-W46 -> 0.53084615 | X47: =1-X46 -> 0.53146154 | Y47: =1-Y46 -> 0.53207692 | Z47: =1-Z46 -> 0.53269231 | AA47: =1-AA46 -> 0.53330769 | ... AG47: =1-AG46 -> 0.537
A49: Method | B49: Conventional | D49: =D42*T49 -> #REF! | E49: =E42*U49 -> #REF! | F49: =F42*V49 -> #REF! | G49: =G42*W49 -> #REF! | H49: =H42*X49 -> #REF! | I49: =I42*Y49 -> #REF! | J49: =J42*Z49 -> #REF! | K49: =K42*AA49 -> #REF! | ... Q49: =Q42*AG49 -> #REF! | R49: =RATE(12,,-E49,Q49) -> #REF! | T49: 0.401 | U49: 0.40265091 | V49: 0.40430861 | W49: 0.40597313 | X49: 0.40764451 | Y49: 0.40932277 | Z49: 0.41100794 | AA49: 0.41270005 | AB49: 0.41439913 | AC49: 0.4161052 | AD49: 0.41781829 | AE49: 0.41953843 | AF49: 0.42126566 | AG49: 0.423
B50: Automated | D50: =D42*T50 -> #REF! | E50: =E42*U50 -> #REF! | F50: =F42*V50 -> #REF! | G50: =G42*W50 -> #REF! | H50: =H42*X50 -> #REF! | I50: =I42*Y50 -> #REF! | J50: =J42*Z50 -> #REF! | K50: =K42*AA50 -> #REF! | ... Q50: =Q42*AG50 -> #REF! | R50: =RATE(12,,-E50,Q50) -> #REF! | T50: =1-T49 -> 0.599 | U50: =1-U49 -> 0.59734909 | V50: =1-V49 -> 0.59569139 | W50: =1-W49 -> 0.59402687 | X50: =1-X49 -> 0.59235549 | Y50: =1-Y49 -> 0.59067723 | Z50: =1-Z49 -> 0.58899206 | AA50: =1-AA49 -> 0.58729995 | ... AG50: =1-AG49 -> 0.577
A52: Technology | B52: Culture-Based | D52: =D42*T52 -> #REF! | E52: =E42*U52 -> #REF! | F52: =F42*V52 -> #REF! | G52: =G42*W52 -> #REF! | H52: =H42*X52 -> #REF! | I52: =I42*Y52 -> #REF! | J52: =J42*Z52 -> #REF! | K52: =K42*AA52 -> #REF! | ... Q52: =Q42*AG52 -> #REF! | R52: =RATE(12,,-E52,Q52) -> #REF! | T52: 0.25 | U52: 0.25155594 | V52: 0.25312155 | W52: 0.25469692 | X52: 0.25628209 | Y52: 0.25787712 | Z52: 0.25948208 | AA52: 0.26109703 | AB52: 0.26272203 | AC52: 0.26435714 | AD52: 0.26600243 | AE52: 0.26765796 | AF52: 0.2693238 | AG52: 0.271
B53: Molecular Technology | D53: =D42*T53 -> #REF! | E53: =E42*U53 -> #REF! | F53: =F42*V53 -> #REF! | G53: =G42*W53 -> #REF! | H53: =H42*X53 -> #REF! | I53: =I42*Y53 -> #REF! | J53: =J42*Z53 -> #REF! | K53: =K42*AA53 -> #REF! | ... Q53: =Q42*AG53 -> #REF! | R53: =RATE(12,,-E53,Q53) -> #REF! | T53: 0.38 | U53: 0.38090989 | V53: 0.38182196 | W53: 0.38273621 | X53: 0.38365265 | Y53: 0.38457129 | Z53: 0.38549212 | AA53: 0.38641516 | AB53: 0.38734041 | AC53: 0.38826788 | AD53: 0.38919756 | AE53: 0.39012948 | AF53: 0.39106362 | AG53: 0.392
B54: PCR | D54: =D53*T54 -> #REF! | E54: =E53*U54 -> #REF! | F54: =F53*V54 -> #REF! | G54: =G53*W54 -> #REF! | H54: =H53*X54 -> #REF! | I54: =I53*Y54 -> #REF! | J54: =J53*Z54 -> #REF! | K54: =K53*AA54 -> #REF! | ... Q54: =Q53*AG54 -> #REF! | R54: =RATE(12,,-E54,Q54) -> #REF! | T54: 0.35 | U54: 0.34938588 | V54: 0.34877285 | W54: 0.34816088 | X54: 0.34754999 | Y54: 0.34694018 | Z54: 0.34633143 | AA54: 0.34572375 | AB54: 0.34511714 | AC54: 0.34451159 | AD54: 0.3439071 | AE54: 0.34330368 | AF54: 0.34270131 | AG54: 0.3421
B55: Microarray | D55: =D53*T55 -> #REF! | E55: =E53*U55 -> #REF! | F55: =F53*V55 -> #REF! | G55: =G53*W55 -> #REF! | H55: =H53*X55 -> #REF! | I55: =I53*Y55 -> #REF! | J55: =J53*Z55 -> #REF! | K55: =K53*AA55 -> #REF! | ... Q55: =Q53*AG55 -> #REF! | R55: =RATE(12,,-E55,Q55) -> #REF! | T55: 0.28 | U55: 0.28097919 | V55: 0.2819618 | W55: 0.28294785 | X55: 0.28393735 | Y55: 0.2849303 | Z55: 0.28592673 | AA55: 0.28692665 | AB55: 0.28793006 | AC55: 0.28893698 | AD55: 0.28994742 | AE55: 0.2909614 | AF55: 0.29197892 | AG55: 0.293
B56: PNA-FISH | D56: =D53*T56 -> #REF! | E56: =E53*U56 -> #REF! | F56: =F53*V56 -> #REF! | G56: =G53*W56 -> #REF! | H56: =H53*X56 -> #REF! | I56: =I53*Y56 -> #REF! | J56: =J53*Z56 -> #REF! | K56: =K53*AA56 -> #REF! | ... Q56: =Q53*AG56 -> #REF! | R56: =RATE(12,,-E56,Q56) -> #REF! | T56: =1-SUM(T54:T55) -> 0.37 | U56: =1-SUM(U54:U55) -> 0.36963493 | V56: =1-SUM(V54:V55) -> 0.36926535 | W56: =1-SUM(W54:W55) -> 0.36889127 | X56: =1-SUM(X54:X55) -> 0.36851266 | Y56: =1-SUM(Y54:Y55) -> 0.36812952 | Z56: =1-SUM(Z54:Z55) -> 0.36774184 | AA56: =1-SUM(AA54:AA55) -> 0.3673496 | ... AG56: =1-SUM(AG54:AG55) -> 0.3649
B57: Proteomic Technologies | D57: =D42*T57 -> #REF! | E57: =E42*U57 -> #REF! | F57: =F42*V57 -> #REF! | G57: =G42*W57 -> #REF! | H57: =H42*X57 -> #REF! | I57: =I42*Y57 -> #REF! | J57: =J42*Z57 -> #REF! | K57: =K42*AA57 -> #REF! | ... Q57: =Q42*AG57 -> #REF! | R57: =RATE(12,,-E57,Q57) -> #REF! | T57: =1-SUM(T52+T53) -> 0.37 | U57: =1-SUM(U52+U53) -> 0.36753418 | V57: =1-SUM(V52+V53) -> 0.36505649 | W57: =1-SUM(W52+W53) -> 0.36256687 | X57: =1-SUM(X52+X53) -> 0.36006526 | Y57: =1-SUM(Y52+Y53) -> 0.3575516 | Z57: =1-SUM(Z52+Z53) -> 0.3550258 | AA57: =1-SUM(AA52+AA53) -> 0.35248781 | ... AG57: =1-SUM(AG52+AG53) -> 0.337
A59: Application | B59: Bacteremia | D59: =D42*T59 -> #REF! | E59: =E42*U59 -> #REF! | F59: =F42*V59 -> #REF! | G59: =G42*W59 -> #REF! | H59: =H42*X59 -> #REF! | I59: =I42*Y59 -> #REF! | J59: =J42*Z59 -> #REF! | K59: =K42*AA59 -> #REF! | ... Q59: =Q42*AG59 -> #REF! | R59: =RATE(12,,-E59,Q59) -> #REF! | T59: 0.401 | U59: 0.40265091 | V59: 0.40430861 | W59: 0.40597313 | X59: 0.40764451 | Y59: 0.40932277 | Z59: 0.41100794 | AA59: 0.41270005 | AB59: 0.41439913 | AC59: 0.4161052 | AD59: 0.41781829 | AE59: 0.41953843 | AF59: 0.42126566 | AG59: 0.423
B60: Fungemia | D60: =D42*T60 -> #REF! | E60: =E42*U60 -> #REF! | F60: =F42*V60 -> #REF! | G60: =G42*W60 -> #REF! | H60: =H42*X60 -> #REF! | I60: =I42*Y60 -> #REF! | J60: =J42*Z60 -> #REF! | K60: =K42*AA60 -> #REF! | ... Q60: =Q42*AG60 -> #REF! | R60: =RATE(12,,-E60,Q60) -> #REF! | T60: 0.431 | U60: 0.43183635 | V60: 0.43267432 | W60: 0.43351391 | X60: 0.43435514 | Y60: 0.43519799 | Z60: 0.43604249 | AA60: 0.43688862 | AB60: 0.43773639 | AC60: 0.43858581 | AD60: 0.43943688 | AE60: 0.4402896 | AF60: 0.44114397 | AG60: 0.442
B61: Mycobacterial Infection | D61: =D42*T61 -> #REF! | E61: =E42*U61 -> #REF! | F61: =F42*V61 -> #REF! | G61: =G42*W61 -> #REF! | H61: =H42*X61 -> #REF! | I61: =I42*Y61 -> #REF! | J61: =J42*Z61 -> #REF! | K61: =K42*AA61 -> #REF! | ... Q61: =Q42*AG61 -> #REF! | R61: =RATE(12,,-E61,Q61) -> #REF! | T61: =1-SUM(T59:T60) -> 0.168 | U61: =1-SUM(U59:U60) -> 0.16551275 | V61: =1-SUM(V59:V60) -> 0.16301708 | W61: =1-SUM(W59:W60) -> 0.16051295 | X61: =1-SUM(X59:X60) -> 0.15800035 | Y61: =1-SUM(Y59:Y60) -> 0.15547923 | Z61: =1-SUM(Z59:Z60) -> 0.15294957 | AA61: =1-SUM(AA59:AA60) -> 0.15041133 | ... AG61: =1-SUM(AG59:AG60) -> 0.135
D62: 2023 | E62: 2024 | F62: 2025 | G62: 2026 | H62: 2027 | I62: 2028 | J62: 2029 | K62: 2030 | L62: 2031 | M62: 2032 | N62: 2033 | O62: 2034 | P62: 2035 | Q62: 2036 | R62: CAGR (2027-2036)
D63: ='Market Analysis '!C37 -> 158.3205 | E63: ='Market Analysis '!D37 -> 176.21072 | F63: ='Market Analysis '!E37 -> 196.15166 | G63: ='Market Analysis '!F37 -> 218.3817 | H63: ='Market Analysis '!G37 -> 243.16731 | I63: ='Market Analysis '!H37 -> 270.80638 | J63: ='Market Analysis '!I37 -> 301.63202 | K63: ='Market Analysis '!J37 -> 336.01675 | ... Q63: ='Market Analysis '!P37 -> 644.21401 | R63: =RATE(9,,-H63,Q63) -> 0.11433016 | T63: 2023 | U63: 2024 | V63: 2025 | W63: 2026 | X63: 2027 | Y63: 2028 | Z63: 2029 | AA63: 2030 | AB63: 2031 | AC63: 2032 | AD63: 2033 | AE63: 2034 | AF63: 2035 | AG63: 2036
A64: Biomarker Type | B64: Circulating tumor cells | D64: =D63*T64 -> 90.242685 | E64: =E63*U64 -> 100.57457 | F64: =F63*V64 -> 112.106 | G64: =G63*W64 -> 124.97816 | H64: =H63*X64 -> 139.34908 | I64: =I63*Y64 -> 155.39563 | J64: =J63*Z64 -> 173.31588 | K64: =K63*AA64 -> 193.3316 | ... Q64: =Q63*AG64 -> 373.64413 | R64: =RATE(9,,-H64,Q64) -> 0.11582194 | S64: Circulating tumor cells | T64: 0.57 | U64: 0.57076307 | V64: 0.57152716 | W64: 0.57229228 | X64: 0.57305842 | Y64: 0.57382559 | Z64: 0.57459378 | AA64: 0.575363 | AB64: 0.57613325 | AC64: 0.57690453 | AD64: 0.57767685 | AE64: 0.5784502 | AF64: 0.57922458 | AG64: 0.58
B65: Circulating tumor DNA | D65: =D63*T65 -> 22.16487 | E65: =E63*U65 -> 24.696433 | F65: =F63*V65 -> 27.521225 | G65: =G63*W65 -> 30.673681 | H65: =H63*X65 -> 34.192331 | I65: =I63*Y65 -> 38.120297 | J65: =J63*Z65 -> 42.505849 | K65: =K63*AA65 -> 47.403024 | ... Q65: =Q63*AG65 -> 91.478389 | R65: =RATE(9,,-H65,Q65) -> 0.1155467 | S65: Circulating tumor DNA | T65: 0.14 | U65: 0.14015284 | V65: 0.14030585 | W65: 0.14045902 | X65: 0.14061237 | Y65: 0.14076588 | Z65: 0.14091955 | AA65: 0.1410734 | AB65: 0.14122741 | AC65: 0.14138159 | AD65: 0.14153594 | AE65: 0.14169046 | AF65: 0.14184514 | AG65: 0.142
B66: Exosomes | D66: =D63*T66 -> 22.16487 | E66: =E63*U66 -> 24.68301 | F66: =F63*V66 -> 27.491319 | G66: =G63*W66 -> 30.623697 | H66: =H63*X66 -> 34.11806 | I66: =I63*Y66 -> 38.016822 | J66: =J63*Z66 -> 42.367431 | K66: =K63*AA66 -> 47.22298 | ... Q66: =Q63*AG66 -> 90.834175 | R66: =RATE(9,,-H66,Q66) -> 0.11494042 | S66: Exosomes | T66: 0.14 | U66: 0.14007667 | V66: 0.14015338 | W66: 0.14023014 | X66: 0.14030693 | Y66: 0.14038377 | Z66: 0.14046065 | AA66: 0.14053758 | AB66: 0.14061454 | AC66: 0.14069155 | AD66: 0.1407686 | AE66: 0.14084569 | AF66: 0.14092282 | AG66: 0.141
B67: Circulating RNA & proteins | D67: =D63*T67 -> 15.83205 | E67: =E63*U67 -> 17.687329 | F67: =F63*V67 -> 19.762955 | G67: =G63*W67 -> 22.085442 | H67: =H63*X67 -> 24.684536 | I67: =I63*Y67 -> 27.593617 | J67: =J63*Z67 -> 30.850139 | K67: =K63*AA67 -> 34.496144 | ... Q67: =Q63*AG67 -> 67.642471 | R67: =RATE(9,,-H67,Q67) -> 0.1185202 | S67: Circulating RNA & proteins | T67: 0.1 | U67: 0.10037601 | V67: 0.10075344 | W67: 0.10113229 | X67: 0.10151256 | Y67: 0.10189426 | Z67: 0.1022774 | AA67: 0.10266198 | AB67: 0.103048 | AC67: 0.10343548 | AD67: 0.10382441 | AE67: 0.1042148 | AF67: 0.10460666 | AG67: 0.105
B68: Nucleosomes | D68: =D63*T68 -> 7.916025 | E68: =E63*U68 -> 8.5693744 | F68: =F63*V68 -> 9.2701592 | G68: =G63*W68 -> 10.020722 | H68: =H63*X68 -> 10.823309 | I68: =I63*Y68 -> 11.680015 | J68: =J63*Z68 -> 12.592719 | K68: =K63*AA68 -> 13.562997 | ... Q68: =Q63*AG68 -> 20.614848 | R68: =RATE(9,,-H68,Q68) -> 0.074214778 | S68: Nucleosomes | T68: =1-SUM(T64:T67) -> 0.05 | U68: =1-SUM(U64:U67) -> 0.048631403 | V68: =1-SUM(V64:V67) -> 0.047260162 | W68: =1-SUM(W64:W67) -> 0.045886269 | X68: =1-SUM(X64:X67) -> 0.044509719 | Y68: =1-SUM(Y64:Y67) -> 0.043130503 | Z68: =1-SUM(Z64:Z67) -> 0.041748616 | AA68: =1-SUM(AA64:AA67) -> 0.040364049 | ... AG68: =1-SUM(AG64:AG67) -> 0.032
D69: =D63=SUM(D64:D68) -> TRUE | E69: =E63=SUM(E64:E68) -> TRUE | F69: =F63=SUM(F64:F68) -> TRUE | G69: =G63=SUM(G64:G68) -> TRUE | H69: =H63=SUM(H64:H68) -> TRUE | I69: =I63=SUM(I64:I68) -> TRUE | J69: =J63=SUM(J64:J68) -> TRUE | K69: =K63=SUM(K64:K68) -> TRUE | ... Q69: =Q63=SUM(Q64:Q68) -> TRUE
A70: Sample | B70: Blood | D70: =D63*T70 -> 74.568955 | E70: =E63*U70 -> 82.774897 | F70: =F63*V70 -> 91.897509 | G70: =G63*W70 -> 102.0407 | H70: =H63*X70 -> 113.32032 | I70: =I63*Y70 -> 125.86556 | J70: =J63*Z70 -> 139.82051 | K70: =K63*AA70 -> 155.3459 | ... Q70: =Q63*AG70 -> 293.11737 | R70: =RATE(9,,-H70,Q70) -> 0.11137163 | S70: Blood | T70: 0.471 | U70: 0.4697495 | V70: 0.46850233 | W70: 0.46725846 | X70: 0.4660179 | Y70: 0.46478063 | Z70: 0.46354664 | AA70: 0.46231594 | AB70: 0.46108849 | AC70: 0.45986431 | AD70: 0.45864338 | AE70: 0.45742569 | AF70: 0.45621123 | AG70: 0.455
B71: Urine | D71: =D63*T71 -> 79.16025 | E71: =E63*U71 -> 88.23967 | F71: =F63*V71 -> 98.375079 | G71: =G63*W71 -> 109.69098 | H71: =H63*X71 -> 122.32674 | I71: =I63*Y71 -> 136.43841 | J71: =J63*Z71 -> 152.20074 | K71: =K63*AA71 -> 169.80942 | ... Q71: =Q63*AG71 -> 328.54914 | R71: =RATE(9,,-H71,Q71) -> 0.11602889 | S71: Urine | T71: 0.5 | U71: 0.50076222 | V71: 0.5015256 | W71: 0.50229015 | X71: 0.50305586 | Y71: 0.50382274 | Z71: 0.50459078 | AA71: 0.50536 | AB71: 0.50613039 | AC71: 0.50690196 | AD71: 0.5076747 | AE71: 0.50844862 | AF71: 0.50922372 | AG71: 0.51
B72: Others (Serum) | D72: =D63*T72 -> 4.5912945 | E72: =E63*U72 -> 5.1961504 | F72: =F63*V72 -> 5.8790717 | G72: =G63*W72 -> 6.6500269 | H72: =H63*X72 -> 7.5202516 | I72: =I63*Y72 -> 8.5024091 | J72: =J63*Z72 -> 9.610772 | K72: =K63*AA72 -> 10.861426 | ... Q72: =Q63*AG72 -> 22.54749 | R72: =RATE(9,,-H72,Q72) -> 0.12975714 | S72: Others (Serum) | T72: =1-SUM(T70:T71) -> 0.029 | U72: =1-SUM(U70:U71) -> 0.029488277 | V72: =1-SUM(V70:V71) -> 0.029972072 | W72: =1-SUM(W70:W71) -> 0.030451392 | X72: =1-SUM(X70:X71) -> 0.030926244 | Y72: =1-SUM(Y70:Y71) -> 0.031396635 | Z72: =1-SUM(Z70:Z71) -> 0.031862572 | AA72: =1-SUM(AA70:AA71) -> 0.032324062 | ... AG72: =1-SUM(AG70:AG71) -> 0.035
D73: =D63=SUM(D70:D72) -> TRUE | E73: =E63=SUM(E70:E72) -> TRUE | F73: =F63=SUM(F70:F72) -> TRUE | G73: =G63=SUM(G70:G72) -> TRUE | H73: =H63=SUM(H70:H72) -> TRUE | I73: =I63=SUM(I70:I72) -> TRUE | J73: =J63=SUM(J70:J72) -> FALSE | K73: =K63=SUM(K70:K72) -> TRUE | ... Q73: =Q63=SUM(Q70:Q72) -> TRUE
A74: Clinical Application | B74: Early disease screening | D74: =D63*T74 -> 88.65948 | E74: =E63*U74 -> 98.691556 | F74: =F63*V74 -> 109.87511 | G74: =G63*W74 -> 122.34415 | H74: =H63*X74 -> 136.24851 | I74: =I63*Y74 -> 151.75573 | J74: =J63*Z74 -> 169.05315 | K74: =K63*AA74 -> 188.35031 | ... Q74: =Q63*AG74 -> 361.40406 | R74: =RATE(9,,-H74,Q74) -> 0.11448306 | S74: Early disease screening | T74: 0.56 | U74: 0.56007692 | V74: 0.56015385 | W74: 0.56023077 | X74: 0.56030769 | Y74: 0.56038462 | Z74: 0.56046154 | AA74: 0.56053846 | AB74: 0.56061538 | AC74: 0.56069231 | AD74: 0.56076923 | AE74: 0.56084615 | AF74: 0.56092308 | AG74: 0.561
B75: Therapy selection | D75: =D63*T75 -> 39.580125 | E75: =E63*U75 -> 44.093343 | F75: =F63*V75 -> 49.128447 | G75: =G63*W75 -> 54.746614 | H75: =H63*X75 -> 61.01629 | I75: =I63*Y75 -> 68.014064 | J75: =J63*Z75 -> 75.825649 | K75: =K63*AA75 -> 84.546983 | ... Q75: =Q63*AG75 -> 162.98614 | R75: =RATE(9,,-H75,Q75) -> 0.11535124 | S75: Therapy selection | T75: 0.25 | U75: 0.25023077 | V75: 0.25046154 | W75: 0.25069231 | X75: 0.25092308 | Y75: 0.25115385 | Z75: 0.25138462 | AA75: 0.25161538 | AB75: 0.25184615 | AC75: 0.25207692 | AD75: 0.25230769 | AE75: 0.25253846 | AF75: 0.25276923 | AG75: 0.253
B76: Treatment response monitoring | D76: =D63*T76 -> 20.581665 | E76: =E63*U76 -> 22.934502 | F76: =F63*V76 -> 25.56007 | G76: =G63*W76 -> 28.490413 | H76: =H63*X76 -> 31.761392 | I76: =I63*Y76 -> 35.413142 | J76: =J63*Z76 -> 39.490592 | K76: =K63*AA76 -> 44.044041 | ... Q76: =Q63*AG76 -> 85.036249 | R76: =RATE(9,,-H76,Q76) -> 0.11563654 | S76: Treatment response monitoring | T76: 0.13 | U76: 0.13015385 | V76: 0.13030769 | W76: 0.13046154 | X76: 0.13061538 | Y76: 0.13076923 | Z76: 0.13092308 | AA76: 0.13107692 | AB76: 0.13123077 | AC76: 0.13138462 | AD76: 0.13153846 | AE76: 0.13169231 | AF76: 0.13184615 | AG76: 0.132
B77: Molecular health monitoring | D77: =D63*T77 -> 3.16641 | E77: =E63*U77 -> 3.537769 | F77: =F63*V77 -> 3.9532104 | G77: =G63*W77 -> 4.4180299 | H77: =H63*X77 -> 4.9381669 | I77: =I63*Y77 -> 5.5202839 | J77: =J63*Z77 -> 6.1718552 | K77: =K63*AA77 -> 6.9012671 | ... Q77: =Q63*AG77 -> 13.528494 | R77: =RATE(9,,-H77,Q77) -> 0.1184885 | S77: Molecular health monitoring | T77: 0.02 | U77: 0.020076923 | V77: 0.020153846 | W77: 0.020230769 | X77: 0.020307692 | Y77: 0.020384615 | Z77: 0.020461538 | AA77: 0.020538462 | AB77: 0.020615385 | AC77: 0.020692308 | AD77: 0.020769231 | AE77: 0.020846154 | AF77: 0.020923077 | AG77: 0.021
B78: Others | D78: =D63*T78 -> 6.33282 | E78: =E63*U78 -> 6.953546 | F78: =F63*V78 -> 7.6348262 | G78: =G63*W78 -> 8.3824977 | H78: =H63*X78 -> 9.2029475 | I78: =I63*Y78 -> 10.103161 | J78: =J63*Z78 -> 11.090777 | K78: =K63*AA78 -> 12.174145 | ... Q78: =Q63*AG78 -> 21.259062 | R78: =RATE(9,,-H78,Q78) -> 0.097493374 | S78: Others | T78: =1-SUM(T74:T77) -> 0.04 | U78: =1-SUM(U74:U77) -> 0.039461538 | V78: =1-SUM(V74:V77) -> 0.038923077 | W78: =1-SUM(W74:W77) -> 0.038384615 | X78: =1-SUM(X74:X77) -> 0.037846154 | Y78: =1-SUM(Y74:Y77) -> 0.037307692 | Z78: =1-SUM(Z74:Z77) -> 0.036769231 | AA78: =1-SUM(AA74:AA77) -> 0.036230769 | ... AG78: =1-SUM(AG74:AG77) -> 0.033
D79: =D63=SUM(D74:D78) -> TRUE | E79: =E63=SUM(E74:E78) -> TRUE | F79: =F63=SUM(F74:F78) -> TRUE | G79: =G63=SUM(G74:G78) -> TRUE | H79: =H63=SUM(H74:H78) -> TRUE | I79: =I63=SUM(I74:I78) -> TRUE | J79: =J63=SUM(J74:J78) -> TRUE | K79: =K63=SUM(K74:K78) -> TRUE | ... Q79: =Q63=SUM(Q74:Q78) -> TRUE
A80: Disease Indication | B80: Lung cancer | D80: =D63*T80 -> 39.580125 | E80: =E63*U80 -> 44.079689 | F80: =F63*V80 -> 49.098066 | G80: =G63*W80 -> 54.695909 | H80: =H63*X80 -> 60.941057 | I80: =I63*Y80 -> 67.909397 | J80: =J63*Z80 -> 75.685837 | K80: =K63*AA80 -> 84.365386 | ... Q80: =Q63*AG80 -> 162.34193 | R80: =RATE(9,,-H80,Q80) -> 0.11501338 | S80: Lung cancer | T80: 0.25 | U80: 0.25015328 | V80: 0.25030666 | W80: 0.25046013 | X80: 0.25061369 | Y80: 0.25076735 | Z80: 0.2509211 | AA80: 0.25107494 | AB80: 0.25122888 | AC80: 0.25138292 | AD80: 0.25153705 | AE80: 0.25169127 | AF80: 0.25184559 | AG80: 0.252
B81: Colorectal cancer | D81: =D63*T81 -> 31.6641 | E81: =E63*U81 -> 35.501472 | F81: =F63*V81 -> 39.809809 | G81: =G63*W81 -> 44.64763 | H81: =H63*X81 -> 50.080816 | I81: =I63*Y81 -> 56.183547 | J81: =J63*Z81 -> 63.039354 | K81: =K63*AA81 -> 70.742318 | ... Q81: =Q63*AG81 -> 141.72708 | R81: =RATE(9,,-H81,Q81) -> 0.12252995 | S81: Colorectal cancer | T81: 0.2 | U81: 0.2014717 | V81: 0.20295423 | W81: 0.20444766 | X81: 0.20595209 | Y81: 0.20746759 | Z81: 0.20899424 | AA81: 0.21053212 | AB81: 0.21208132 | AC81: 0.21364192 | AD81: 0.215214 | AE81: 0.21679765 | AF81: 0.21839296 | AG81: 0.22
B82: Breast cancer | D82: =D63*T82 -> 28.49769 | E82: =E63*U82 -> 31.7449 | F82: =F63*V82 -> 35.367371 | G82: =G63*W82 -> 39.40907 | H82: =H63*X82 -> 43.919185 | I82: =I63*Y82 -> 48.952753 | J82: =J63*Z82 -> 54.571365 | K82: =K63*AA82 -> 60.843956 | ... Q82: =Q63*AG82 -> 117.24695 | R82: =RATE(9,,-H82,Q82) -> 0.11527773 | S82: Breast cancer | T82: 0.18 | U82: 0.18015306 | V82: 0.18030626 | W82: 0.18045958 | X82: 0.18061303 | Y82: 0.18076662 | Z82: 0.18092033 | AA82: 0.18107418 | AB82: 0.18122815 | AC82: 0.18138226 | AD82: 0.1815365 | AE82: 0.18169087 | AF82: 0.18184537 | AG82: 0.182
B83: Prostate cancer | D83: =D63*T83 -> 15.83205 | E83: =E63*U83 -> 17.647934 | F83: =F63*V83 -> 19.675016 | G83: =G63*W83 -> 21.938196 | H83: =H63*X83 -> 24.465348 | I83: =I63*Y83 -> 27.287682 | J83: =J63*Z83 -> 30.440148 | K83: =K63*AA83 -> 33.961885 | ... Q83: =Q63*AG83 -> 65.709829 | R83: =RATE(9,,-H83,Q83) -> 0.11602889 | S83: Prostate cancer | T83: 0.1 | U83: 0.10015244 | V83: 0.10030512 | W83: 0.10045803 | X83: 0.10061117 | Y83: 0.10076455 | Z83: 0.10091816 | AA83: 0.101072 | AB83: 0.10122608 | AC83: 0.10138039 | AD83: 0.10153494 | AE83: 0.10168972 | AF83: 0.10184474 | AG83: 0.102
B84: Liver cancer | D84: =D63*T84 -> 20.581665 | E84: =E63*U84 -> 22.973992 | F84: =F63*V84 -> 25.648203 | G84: =G63*W84 -> 28.637955 | H84: =H63*X84 -> 31.980979 | I84: =I63*Y84 -> 35.719573 | J84: =J63*Z84 -> 39.901167 | K84: =K63*AA84 -> 44.578955 | ... Q84: =Q63*AG84 -> 86.968891 | R84: =RATE(9,,-H84,Q84) -> 0.11756988 | S84: Liver cancer | T84: 0.13 | U84: 0.13037795 | V84: 0.130757 | W84: 0.13113715 | X84: 0.13151841 | Y84: 0.13190078 | Z84: 0.13228426 | AA84: 0.13266885 | AB84: 0.13305456 | AC84: 0.13344139 | AD84: 0.13382935 | AE84: 0.13421843 | AF84: 0.13460865 | AG84: 0.135
B85: Head & neck cancer | D85: =D63*T85 -> 3.16641 | E85: =E63*U85 -> 3.5623073 | F85: =F63*V85 -> 4.008299 | G85: =G63*W85 -> 4.5107986 | H85: =H63*X85 -> 5.0770501 | I85: =I63*Y85 -> 5.7152366 | J85: =J63*Z85 -> 6.434604 | K85: =K63*AA85 -> 7.2456003 | ... Q85: =Q63*AG85 -> 14.816922 | R85: =RATE(9,,-H85,Q85) -> 0.12637486 | S85: Head & neck cancer | T85: 0.02 | U85: 0.020216178 | V85: 0.020434693 | W85: 0.02065557 | X85: 0.020878835 | Y85: 0.021104512 | Z85: 0.021332629 | AA85: 0.021563212 | AB85: 0.021796287 | AC85: 0.022031881 | AD85: 0.022270022 | AE85: 0.022510737 | AF85: 0.022754053 | AG85: 0.023
B86: Others cancers | D86: =D63*T86 -> 18.99846 | E86: =E63*U86 -> 20.700421 | F86: =F63*V86 -> 22.544896 | G86: =G63*W86 -> 24.542146 | H86: =H63*X86 -> 26.702876 | I86: =I63*Y86 -> 29.038192 | J86: =J63*Z86 -> 31.559545 | K86: =K63*AA86 -> 34.278647 | ... Q86: =Q63*AG86 -> 55.402405 | R86: =RATE(9,,-H86,Q86) -> 0.084473523 | S86: Others cancers | T86: =1-SUM(T80:T85) -> 0.12 | U86: =1-SUM(U80:U85) -> 0.11747538 | V86: =1-SUM(V80:V85) -> 0.11493605 | W86: =1-SUM(W80:W85) -> 0.11238188 | X86: =1-SUM(X80:X85) -> 0.10981277 | Y86: =1-SUM(Y80:Y85) -> 0.10722861 | Z86: =1-SUM(Z80:Z85) -> 0.10462929 | AA86: =1-SUM(AA80:AA85) -> 0.1020147 | ... AG86: =1-SUM(AG80:AG85) -> 0.086
D87: =D63=SUM(D80:D86) -> TRUE | E87: =E63=SUM(E80:E86) -> TRUE | F87: =F63=SUM(F80:F86) -> TRUE | G87: =G63=SUM(G80:G86) -> TRUE | H87: =H63=SUM(H80:H86) -> TRUE | I87: =I63=SUM(I80:I86) -> TRUE | J87: =J63=SUM(J80:J86) -> TRUE | K87: =K63=SUM(K80:K86) -> TRUE | ... Q87: =Q63=SUM(Q80:Q86) -> TRUE
A89: Argentina Liquid Biopsy Market 2027-36 (USD Million)
D91: 2023 | E91: 2024 | F91: 2025 | G91: 2026 | H91: 2027 | I91: 2028 | J91: 2029 | K91: 2030 | L91: 2031 | M91: 2032 | N91: 2033 | O91: 2034 | P91: 2035 | Q91: 2036 | R91: CAGR (2024-2036)
D92: =#REF! -> #REF! | E92: =#REF! -> #REF! | F92: =#REF! -> #REF! | G92: =#REF! -> #REF! | H92: =#REF! -> #REF! | I92: =#REF! -> #REF! | J92: =#REF! -> #REF! | K92: =#REF! -> #REF! | ... Q92: =#REF! -> #REF! | R92: =RATE(12,,-E92,Q92) -> #REF! | T92: 2023 | U92: 2024 | V92: 2025 | W92: 2026 | X92: 2027 | Y92: 2028 | Z92: 2029 | AA92: 2030 | AB92: 2031 | AC92: 2032 | AD92: 2033 | AE92: 2034 | AF92: 2035 | AG92: 2036
A93: Test Type | B93: Phenotypic AST | D93: =D92*T93 -> #REF! | E93: =E92*U93 -> #REF! | F93: =F92*V93 -> #REF! | G93: =G92*W93 -> #REF! | H93: =H92*X93 -> #REF! | I93: =I92*Y93 -> #REF! | J93: =J92*Z93 -> #REF! | K93: =K92*AA93 -> #REF! | ... Q93: =Q92*AG93 -> #REF! | R93: =RATE(12,,-E93,Q93) -> #REF! | T93: 0.56 | U93: 0.56092161 | V93: 0.56184474 | W93: 0.56276939 | X93: 0.56369557 | Y93: 0.56462326 | Z93: 0.56555248 | AA93: 0.56648323 | AB93: 0.56741552 | AC93: 0.56834934 | AD93: 0.56928469 | AE93: 0.57022158 | AF93: 0.57116002 | AG93: 0.5721
B94: Genotypic AST | D94: =D92*T94 -> #REF! | E94: =E92*U94 -> #REF! | F94: =F92*V94 -> #REF! | G94: =G92*W94 -> #REF! | H94: =H92*X94 -> #REF! | I94: =I92*Y94 -> #REF! | J94: =J92*Z94 -> #REF! | K94: =K92*AA94 -> #REF! | ... Q94: =Q92*AG94 -> #REF! | R94: =RATE(12,,-E94,Q94) -> #REF! | T94: =1-T93 -> 0.44 | U94: =1-U93 -> 0.43907839 | V94: =1-V93 -> 0.43815526 | W94: =1-W93 -> 0.43723061 | X94: =1-X93 -> 0.43630443 | Y94: =1-Y93 -> 0.43537674 | Z94: =1-Z93 -> 0.43444752 | AA94: =1-AA93 -> 0.43351677 | ... AG94: =1-AG93 -> 0.4279
A96: Product | B96: Instruments | D96: =D92*T96 -> #REF! | E96: =E92*U96 -> #REF! | F96: =F92*V96 -> #REF! | G96: =G92*W96 -> #REF! | H96: =H92*X96 -> #REF! | I96: =I92*Y96 -> #REF! | J96: =J92*Z96 -> #REF! | K96: =K92*AA96 -> #REF! | ... Q96: =Q92*AG96 -> #REF! | R96: =RATE(12,,-E96,Q96) -> #REF! | T96: 0.471 | U96: 0.47038462 | V96: 0.46976923 | W96: 0.46915385 | X96: 0.46853846 | Y96: 0.46792308 | Z96: 0.46730769 | AA96: 0.46669231 | AB96: 0.46607692 | AC96: 0.46546154 | AD96: 0.46484615 | AE96: 0.46423077 | AF96: 0.46361538 | AG96: 0.463
B97: Consumables | D97: =D92*T97 -> #REF! | E97: =E92*U97 -> #REF! | F97: =F92*V97 -> #REF! | G97: =G92*W97 -> #REF! | H97: =H92*X97 -> #REF! | I97: =I92*Y97 -> #REF! | J97: =J92*Z97 -> #REF! | K97: =K92*AA97 -> #REF! | ... Q97: =Q92*AG97 -> #REF! | R97: =RATE(12,,-E97,Q97) -> #REF! | T97: =1-T96 -> 0.529 | U97: =1-U96 -> 0.52961538 | V97: =1-V96 -> 0.53023077 | W97: =1-W96 -> 0.53084615 | X97: =1-X96 -> 0.53146154 | Y97: =1-Y96 -> 0.53207692 | Z97: =1-Z96 -> 0.53269231 | AA97: =1-AA96 -> 0.53330769 | ... AG97: =1-AG96 -> 0.537
A99: Method | B99: Conventional | D99: =D92*T99 -> #REF! | E99: =E92*U99 -> #REF! | F99: =F92*V99 -> #REF! | G99: =G92*W99 -> #REF! | H99: =H92*X99 -> #REF! | I99: =I92*Y99 -> #REF! | J99: =J92*Z99 -> #REF! | K99: =K92*AA99 -> #REF! | ... Q99: =Q92*AG99 -> #REF! | R99: =RATE(12,,-E99,Q99) -> #REF! | T99: 0.401 | U99: 0.40265091 | V99: 0.40430861 | W99: 0.40597313 | X99: 0.40764451 | Y99: 0.40932277 | Z99: 0.41100794 | AA99: 0.41270005 | AB99: 0.41439913 | AC99: 0.4161052 | AD99: 0.41781829 | AE99: 0.41953843 | AF99: 0.42126566 | AG99: 0.423
B100: Automated | D100: =D92*T100 -> #REF! | E100: =E92*U100 -> #REF! | F100: =F92*V100 -> #REF! | G100: =G92*W100 -> #REF! | H100: =H92*X100 -> #REF! | I100: =I92*Y100 -> #REF! | J100: =J92*Z100 -> #REF! | K100: =K92*AA100 -> #REF! | ... Q100: =Q92*AG100 -> #REF! | R100: =RATE(12,,-E100,Q100) -> #REF! | T100: =1-T99 -> 0.599 | U100: =1-U99 -> 0.59734909 | V100: =1-V99 -> 0.59569139 | W100: =1-W99 -> 0.59402687 | X100: =1-X99 -> 0.59235549 | Y100: =1-Y99 -> 0.59067723 | Z100: =1-Z99 -> 0.58899206 | AA100: =1-AA99 -> 0.58729995 | ... AG100: =1-AG99 -> 0.577
A102: Technology | B102: Culture-Based | D102: =D92*T102 -> #REF! | E102: =E92*U102 -> #REF! | F102: =F92*V102 -> #REF! | G102: =G92*W102 -> #REF! | H102: =H92*X102 -> #REF! | I102: =I92*Y102 -> #REF! | J102: =J92*Z102 -> #REF! | K102: =K92*AA102 -> #REF! | ... Q102: =Q92*AG102 -> #REF! | R102: =RATE(12,,-E102,Q102) -> #REF! | T102: 0.25 | U102: 0.25155594 | V102: 0.25312155 | W102: 0.25469692 | X102: 0.25628209 | Y102: 0.25787712 | Z102: 0.25948208 | AA102: 0.26109703 | AB102: 0.26272203 | AC102: 0.26435714 | AD102: 0.26600243 | AE102: 0.26765796 | AF102: 0.2693238 | AG102: 0.271
B103: Molecular Technology | D103: =D92*T103 -> #REF! | E103: =E92*U103 -> #REF! | F103: =F92*V103 -> #REF! | G103: =G92*W103 -> #REF! | H103: =H92*X103 -> #REF! | I103: =I92*Y103 -> #REF! | J103: =J92*Z103 -> #REF! | K103: =K92*AA103 -> #REF! | ... Q103: =Q92*AG103 -> #REF! | R103: =RATE(12,,-E103,Q103) -> #REF! | T103: 0.38 | U103: 0.38090989 | V103: 0.38182196 | W103: 0.38273621 | X103: 0.38365265 | Y103: 0.38457129 | Z103: 0.38549212 | AA103: 0.38641516 | AB103: 0.38734041 | AC103: 0.38826788 | AD103: 0.38919756 | AE103: 0.39012948 | AF103: 0.39106362 | AG103: 0.392
B104: PCR | D104: =D103*T104 -> #REF! | E104: =E103*U104 -> #REF! | F104: =F103*V104 -> #REF! | G104: =G103*W104 -> #REF! | H104: =H103*X104 -> #REF! | I104: =I103*Y104 -> #REF! | J104: =J103*Z104 -> #REF! | K104: =K103*AA104 -> #REF! | ... Q104: =Q103*AG104 -> #REF! | R104: =RATE(12,,-E104,Q104) -> #REF! | T104: 0.35 | U104: 0.34938588 | V104: 0.34877285 | W104: 0.34816088 | X104: 0.34754999 | Y104: 0.34694018 | Z104: 0.34633143 | AA104: 0.34572375 | AB104: 0.34511714 | AC104: 0.34451159 | AD104: 0.3439071 | AE104: 0.34330368 | AF104: 0.34270131 | AG104: 0.3421
B105: Microarray | D105: =D103*T105 -> #REF! | E105: =E103*U105 -> #REF! | F105: =F103*V105 -> #REF! | G105: =G103*W105 -> #REF! | H105: =H103*X105 -> #REF! | I105: =I103*Y105 -> #REF! | J105: =J103*Z105 -> #REF! | K105: =K103*AA105 -> #REF! | ... Q105: =Q103*AG105 -> #REF! | R105: =RATE(12,,-E105,Q105) -> #REF! | T105: 0.28 | U105: 0.28097919 | V105: 0.2819618 | W105: 0.28294785 | X105: 0.28393735 | Y105: 0.2849303 | Z105: 0.28592673 | AA105: 0.28692665 | AB105: 0.28793006 | AC105: 0.28893698 | AD105: 0.28994742 | AE105: 0.2909614 | AF105: 0.29197892 | AG105: 0.293
B106: PNA-FISH | D106: =D103*T106 -> #REF! | E106: =E103*U106 -> #REF! | F106: =F103*V106 -> #REF! | G106: =G103*W106 -> #REF! | H106: =H103*X106 -> #REF! | I106: =I103*Y106 -> #REF! | J106: =J103*Z106 -> #REF! | K106: =K103*AA106 -> #REF! | ... Q106: =Q103*AG106 -> #REF! | R106: =RATE(12,,-E106,Q106) -> #REF! | T106: =1-SUM(T104:T105) -> 0.37 | U106: =1-SUM(U104:U105) -> 0.36963493 | V106: =1-SUM(V104:V105) -> 0.36926535 | W106: =1-SUM(W104:W105) -> 0.36889127 | X106: =1-SUM(X104:X105) -> 0.36851266 | Y106: =1-SUM(Y104:Y105) -> 0.36812952 | Z106: =1-SUM(Z104:Z105) -> 0.36774184 | AA106: =1-SUM(AA104:AA105) -> 0.3673496 | ... AG106: =1-SUM(AG104:AG105) -> 0.3649
